city_country,display_name,address,latitude,longitude,company
Affoltern,Migros-Supermarkt - Affoltern a. A.,"Oberdorfstrasse 4, 8910 Affoltern am Albis, Switzerland",47.278438200000004,8.4538412,Migros
Andelfingen,Migros-Supermarkt - Andelfingen,"Weinlandstrasse 4, 8451 Kleinandelfingen, Switzerland",47.6019644,8.6887168,Migros
Bülach,Migros-Supermarkt - Bülach - Sonnenhof,"Sonnenhof, Bahnhofstrasse 28, 8180 Bülach, Switzerland",47.5211257,8.5403165,Migros
Bülach,Migros-Supermarkt - Bülach Süd,"Feldstrasse 85, 8180 Bülach, Switzerland",47.51012,8.5405334,Migros
Dielsdorf,Migros-Supermarkt - Dielsdorf,"Ruchwiesenstrasse 2, 8157 Dielsdorf, Switzerland",47.4805972,8.464537,Migros
Hinwil,Migros-Supermarkt - Hinwil,"Bachtelstrasse 16, 8340 Hinwil, Switzerland",47.300315499999996,8.8446448,Migros
Horgen,VOI Horgen,"Seestrasse 288, 8810 Horgen, Switzerland",47.2549206,8.612023899999999,Others
Meilen,Migros-Supermarkt - Meilen,"Rosengartenstrasse 10, 8706 Meilen, Switzerland",47.268395899999994,8.6454455,Migros
Pfäffikon,Migros-Supermarkt - Pfäffikon ZH,"Turmstrasse 9, 8330 Pfäffikon, Switzerland",47.368414,8.7808824,Migros
Pfäffikon,Migros-Supermarkt - Pfäffikon - Seedammcenter,"Gwattstrasse 11, 8808 Pfäffikon, Switzerland",47.2004028,8.793173699999999,Migros
Uster,Migros-Supermarkt - Uster - Illuster,"Zürichstrasse 20, 8610 Uster, Switzerland",47.34983340000001,8.71517,Migros
Uster,Migros-Supermarkt - Uster-West,"Winterthurerstrasse 18, 8610 Uster, Switzerland",47.354498899999996,8.7132171,Migros
Winterthur,Migros-Supermarkt - Winterthur - Hegi,"Hintermühlenstrasse 4, 8409 Winterthur, Switzerland",47.5042359,8.772159799999999,Migros
Winterthur,Migros-Supermarkt - Winterthur - Rosenberg,"Schaffhauserstrasse 154, 8400 Winterthur, Switzerland",47.5189185,8.7202173,Migros
Winterthur,Migros-Supermarkt - Winterthur - Obertor,"Stadthausstrasse 31, 8400 Winterthur, Switzerland",47.500083,8.731833199999999,Migros
Winterthur,Migros-Supermarkt - Winterthur - Deutweg,"Pflanzschulstrasse 9, 8400 Winterthur, Switzerland",47.4947443,8.740240499999999,Migros
Winterthur,Migros-Supermarkt - Winterthur - Seen,"Hinterdorfstrasse 40, 8405 Winterthur, Switzerland",47.4852907,8.7625727,Migros
Winterthur,Migros-Supermarkt - Winterthur - Oberwinterthur,"Guggenbühlstrasse 1, 8404 Winterthur, Switzerland",47.5112047,8.758964899999999,Migros
Winterthur,Migros-Supermarkt - Mattenbach,"Tösstalstrasse 139, 8400 Winterthur, Switzerland",47.4906568,8.748234499999999,Migros
Winterthur,Migros-Supermarkt - Winterthur - Blumenau,"Wülflingerstrasse 71, 8400 Winterthur, Switzerland",47.5068421,8.7121959,Migros
Winterthur,Migros-Supermarkt - Winterthur - Töss,"Zürcherstrasse 102, 8406 Winterthur, Switzerland",47.4917855,8.7064372,Migros
Winterthur,Migros-teo - Neuhegi,"Sulzerallee 54, 8404 Winterthur, Switzerland",47.5021268,8.7632312,Migros
Winterthur,Migros-teo - Lokstadt,"Dialogpl. 10, 8400 Winterthur, Switzerland",47.4960345,8.7154674,Migros
Winterthur,gooods Winterthur,"Bahnhofpl. 6, 8400 Winterthur, Switzerland",47.4994212,8.724114199999999,Others
Winterthur,Migros-Supermarkt - Winterthur - Wülflingen,"Lindenplatz 1, 8408 Winterthur, Switzerland",47.510710599999996,8.693892199999999,Migros
Winterthur,Migros-Supermarkt - Dättnau,"Ziegeleipl. 2, 8406 Winterthur, Switzerland",47.4773023,8.6993628,Migros
Dietikon,Migros-Supermarkt - Dietikon - Löwenzentrum,"Löwenstrasse 28, 8953 Dietikon, Switzerland",47.405061499999995,8.4021644,Migros
Dietikon,Migros-Supermarkt - Dietikon - Limmatfeld,"Ueberlandstrasse 22, 8953 Dietikon, Switzerland",47.409184599999996,8.4050919,Migros
Dietikon,Migros-Supermarkt - Dietikon Silbern,"Riedstrasse 3, 8953 Dietikon, Switzerland",47.4200148,8.393833599999999,Migros
Zürich,Migros-Supermarkt - Zürich - Hauptbahnhof,"Hauptbahnhof, 8001 Zürich, Switzerland",47.3781908,8.5404261,Migros
Zürich,Migros,"Löwenstrasse 31-35 2. und 3. OG, 8001 Zürich, Switzerland",47.375383199999995,8.5360797,Migros
Zürich,Migros-Supermarkt - Zürich - Herdern,"Pfingstweidstrasse 101, 8005 Zürich, Switzerland",47.3902225,8.508951999999999,Migros
Zürich,Migros-Supermarkt - Zürich - Limmatplatz,"Limmatstrasse 152, 8005 Zürich, Switzerland",47.385462999999994,8.531409199999999,Migros
Zürich,Migros-Supermarkt - Zürich - HB Sihlquai,"Sihlpassage, 8004 Zürich, Switzerland",47.378401499999995,8.535615,Migros
Zürich,Migros-Supermarkt - Zürich - Altstetten Neumarkt,"Neumarkt Altstetten, Altstetterstrasse 145, 8048 Zürich, Switzerland",47.3881781,8.486922,Migros
Zürich,Migros-Supermarkt - Zürich - Brunaupark,"BRUNAUPARK, Giesshübelstrasse 65, 8045 Zürich, Switzerland",47.358385899999995,8.517647199999999,Migros
Zürich,Migros,"Tessinerpl. 10, 8002 Zürich, Switzerland",47.364130499999995,8.5310291,Migros
Zürich,Migros-Supermarkt - Zürich - Oerlikon Neumarkt,"Einkaufszentrum Neumarkt, Hofwiesenstrasse 350, 8050 Zürich, Switzerland",47.4105054,8.5430437,Migros
Zürich,Migros-Supermarkt - Zürich - Kreuzplatz,"Kreuzpl. 20, 8008 Zürich, Switzerland",47.3645128,8.5537736,Migros
Zürich,Migros Supermarket Zürich Wengihof,"Wengistrasse 7, 8004 Zürich, Switzerland",47.374941199999995,8.5230714,Migros
Zürich,Migros-Supermarkt - Zürich - Albisriederplatz,"Badenerstrasse 376, 8004 Zürich, Switzerland",47.3791051,8.5087542,Migros
Zürich,Migros Supermarket Zürich Schmiede Wiedikon,"Birmensdorferstrasse 140, 8003 Zürich, Switzerland",47.3700773,8.520128399999999,Migros
Zürich,Coop Supermarkt Zürich Bahnhofbrücke,"Bahnhofbrücke 1, 8001 Zürich, Switzerland",47.3764584,8.5423575,Coop
Zürich,Migros-Supermarkt - Zürich - Altstetten M-Express,"Hohlstrasse 600, 8048 Zürich, Switzerland",47.3913612,8.4877977,Migros
Zürich,Migros-Supermarkt - Zürich - Rigiplatz,"Winterthurerstrasse 2/4, 8006 Zürich, Switzerland",47.3860579,8.5486902,Migros
Zürich,Migros Supermarket Zürich Stadelhofen,"Falkenstrasse 19/21, 8008 Zürich, Switzerland",47.3654649,8.5479404,Migros
Zürich,Migros-Supermarkt - Zürich - Wollishofen,"Etzelstrasse 3, 8038 Zürich, Switzerland",47.34472220000001,8.53,Migros
Seeland,Migros-Supermarkt - Brügg - Centre Brügg,"Erlenstrasse 40, 2555 Brügg, Switzerland",47.119664,7.2670010000000005,Migros
Bern-Mittelland,Migros-Supermarkt - Bern - Marktgasse,"Marktgasse 46, 3011 Bern, Switzerland",46.948256199999996,7.4450370999999995,Migros
Bern-Mittelland,Migros-Supermarkt - Bern - Christoffel,"Christoffelunterführung, 3011 Bern, Switzerland",46.947798899999995,7.4401614,Migros
Bern-Mittelland,Migros-Supermarkt - Bern - Bahnhof,"Bahnhofpl. 10, 3011 Bern, Switzerland",46.9492666,7.4400441,Migros
Bern-Mittelland,Migros-Supermarkt - Bern - Zähringer,"Zähringerstrasse 43, 3012 Bern, Switzerland",46.95519240000001,7.433637,Migros
Bern-Mittelland,Migros-Supermarkt - Bern - Eigerplatz,"Seftigenstrasse 1, 3007 Bern, Switzerland",46.940081199999995,7.4318588000000005,Migros
Bern-Mittelland,Migros-Supermarkt - Bern - Westside,"Gilberte-de-Courgenay-Platz 4, 3027 Bern, Switzerland",46.9449134,7.374808,Migros
Bern-Mittelland,Migros-Supermarkt - Bern - Freudenberg,"Giacomettistrasse 15, 3006 Bern, Switzerland",46.9455765,7.4728372,Migros
Bern-Mittelland,Migros-Supermarkt - Bremgarten Kalchacker,"Kalchackerstrasse 9, 3047 Bremgarten bei Bern, Switzerland",46.9754099,7.4376392,Migros
Bern-Mittelland,Migros-Supermarkt - Bern - Bachmätteli,"Bottigenstrasse 7, 3018 Bern, Switzerland",46.939329099999995,7.3899224,Migros
Bern-Mittelland,Migros-Supermarkt - Schönbühl - Shoppyland,"Industriestrasse 10, 3321 Urtenen-Schönbühl, Switzerland",47.0167662,7.492006299999999,Migros
Bern-Mittelland,Migros-Supermarkt - Bern - Breitenrain,"Breitenrainstrasse 11, 3013 Bern, Switzerland",46.958162699999995,7.4539235,Migros
Bern-Mittelland,Migros-Supermarkt - Bern - Welle 7,"Schanzenstrasse 5, 3000 Bern, Switzerland",46.9480435,7.4369451,Migros
Bern-Mittelland,Migros-Supermarkt - Bern - Winkelried,"Wankdorffeldstrasse 71, 3014 Bern, Switzerland",46.965804899999995,7.4635238,Migros
Bern-Mittelland,Migros-Supermarkt - Bern Westflügel,"Bethlehemstrasse 40, 3027 Bern, Switzerland",46.9467745,7.3953525,Migros
Bern-Mittelland,Migros-Supermarkt,"Riedbachstrasse 10, 3027 Bern, Switzerland",46.947531999999995,7.383285,Migros
Bern-Mittelland,Migros-Supermarkt - Bern Burgernziel,"Thunstrasse 110, 3006 Bern, Switzerland",46.9414209,7.4658915,Migros
Bern-Mittelland,Migros-Supermarkt - Bern - Kirchenfeld,"Thunstrasse 18, 3005 Bern, Switzerland",46.9422743,7.4530603,Migros
Bern-Mittelland,Migros-Supermarkt - Bern - Egghölzli,"Egghölzlistrasse 1/1a, 3006 Bern, Switzerland",46.9370092,7.4752000999999995,Migros
Bern-Mittelland,Migros-Supermarkt - Bern - Bubenberg,"Bubenbergpl. 8, 3008 Bern, Switzerland",46.947689,7.438133099999999,Migros
Bern-Mittelland,Migros-Supermarkt - Hinterkappelen - Chappelemärit,"Kappelenring 2, 3032 Wohlen bei Bern, Switzerland",46.966800899999996,7.376615800000001,Migros
Oberaargau,Migros-Supermarkt - Langenthal,"Wiesenstrasse 28, 4900 Langenthal, Switzerland",47.214395599999996,7.7841552,Migros
Biel/Bienne,Migros-Supermarkt - Biel - Neumarkt,"Kanalgasse 36/38, 2502 Biel, Switzerland",47.1406364,7.247507099999999,Migros
Biel/Bienne,MIGROS,"Bahnhofstrasse 15, 2502 Biel, Switzerland",47.1349616,7.244240899999999,Migros
Biel/Bienne,Migros-Supermarkt - Biel - Madretsch,"Brüggstrasse 5, 2503 Biel, Switzerland",47.1318201,7.2524534,Migros
Biel/Bienne,Migros-Supermarkt - Biel - Bözingen,"Schlösslistrasse 7, 2504 Biel, Switzerland",47.152062,7.2673670999999995,Migros
Biel/Bienne,VOI Biel - Mett,"Scholl-Strasse 2, 2504 Biel, Switzerland",47.1426904,7.272007400000001,Others
Emmental,Migros-Supermarkt - Langnau i.E.,"Schlossstrasse 1a, 3550 Langnau im Emmental, Switzerland",46.9397291,7.7877383,Migros
Jura bernois,Supermarché Migros - Tramelan,"Rue Albert-Gobat 1, 2720 Tramelan, Switzerland",47.223468399999994,7.0996993,Migros
Jura bernois,Supermarché Migros - Saignelégier,"Rue de la Gruère 23, 2350 Saignelégier, Switzerland",47.25443,7.000641,Migros
Jura bernois,Supermarché Migros - Tavannes,"Rte de Pierre Pertuis 11, 2710 Tavannes, Switzerland",47.2192623,7.197643200000001,Migros
Jura bernois,Supermarché Migros - Moutier,"Rue de l'Écluse 1, 2740 Moutier, Switzerland",47.2768934,7.370145699999999,Migros
Jura bernois,Supermarché Migros - Delémont,"Rue de la Maltière 12, 2800 Delémont, Switzerland",47.363438099999996,7.346340499999999,Migros
Jura bernois,Supermarché Migros - La Neuveville,"Chem. des Vergers 20, 2520 La Neuveville, Switzerland",47.0617573,7.0883731999999995,Migros
Jura bernois,Supermarché Migros - St-Imier,"Rue Baptiste-Savoye 62, 2610 Saint-Imier, Switzerland",47.151526,6.995280999999999,Migros
Jura bernois,Supermarché Migros - Le Landeron,"Rte de Neuchâtel 40, 2525 Le Landeron, Switzerland",47.056342199999996,7.0608542,Migros
Jura bernois,Supermarché Migros - Marin Centre,"Rue de la Fleur-de-Lys 26, 2074 Marin-Epagnier, Switzerland",47.012066399999995,7.0085467999999995,Migros
Jura bernois,Supermarché Migros - Porrentruy,"Fbg Saint-Germain 2, 2900 Porrentruy, Switzerland",47.416548,7.0780708,Migros
Jura bernois,MIGROS,"Rue Comble Emine 5, 2053 Cernier, Switzerland",47.0579787,6.9018926,Migros
Jura bernois,Migros-Supermarkt - Langendorf - Ladedorf,"Fabrikstrasse 6, 4513 Langendorf, Switzerland",47.2184571,7.5114806,Migros
Jura bernois,Migros-Supermarkt - Grenchen,"Freiestrasse 10, 2540 Grenchen, Switzerland",47.189823,7.3988133000000005,Migros
Frutigen-Niedersimmental,Migros-Supermarkt - Frutigen,"Kanderstegstrasse 31, 3714 Frutigen, Switzerland",46.585577799999996,7.648425700000001,Migros
Interlaken-Oberhasli,Migros-Supermarkt - Matten,"Aegertiweg 33, 3812 Wilderswil, Switzerland",46.6732321,7.868567199999999,Migros
Interlaken-Oberhasli,Migros Restaurant - Interlaken,"Rugenparkstrasse 1, 3800 Interlaken, Switzerland",46.6814842,7.8518647999999995,Migros
Interlaken-Oberhasli,Migros-Supermarkt - Meiringen,"Bahnhofstrasse 1, 3860 Meiringen, Switzerland",46.7281823,8.184876899999999,Migros
Interlaken-Oberhasli,Migros-Supermarkt - Brienz,"Hauptstrasse 51, 3855 Brienz, Switzerland",46.7553273,8.0279113,Migros
Thun,Migros-Supermarkt - Thun - Oberland,"Talackerstrasse 62, 3604 Thun, Switzerland",46.744287,7.614257899999999,Migros
Thun,Migros-Supermarkt - Thun - Bälliz,"Bälliz 2, 3600 Thun, Switzerland",46.760106099999994,7.6267104,Migros
Thun,Migros-Supermarkt - Thun - Panorama Center,"Thun Panorama Center, Weststrasse 14, 3604 Thun, Switzerland",46.7438526,7.6049088,Migros
Thun,Zentrum Oberland,"Talackerstrasse 62, 3604 Thun, Switzerland",46.7448882,7.6138375,Migros
Thun,Migros-Supermarkt - Thun - Dürrenast,"Frutigenstrasse 60, 3604 Thun, Switzerland",46.7450878,7.6265611999999985,Migros
Thun,VOI Migros Supermarkt,"Panoramastrasse 1A, 3600 Thun, Switzerland",46.7549263,7.630832999999999,Migros
Obersimmental-Saanen,Migros-Supermarkt - Gstaad,"Untergstaadstrasse 3, 3780 Saanen, Switzerland",46.4782127,7.282444399999999,Migros
Obersimmental-Saanen,Migros-Supermarkt - Zweisimmen,"Thunstrasse 11, 3770 Zweisimmen, Switzerland",46.5556096,7.3729208999999996,Migros
Entlebuch,Migros-Supermarkt - Schüpfheim,"Vormüli 1, 6170 Schüpfheim, Switzerland",46.948885499999996,8.0152479,Migros
Entlebuch,Migros-Supermarkt - Wolhusen - Dorfmärt,"Entlebucherstrasse 36, 6110 Wolhusen, Switzerland",47.0562324,8.070261,Migros
Entlebuch,Migros-Supermarkt - Malters,"Weihermatte 7a/7b, 6102 Malters, Switzerland",47.0373909,8.180225499999999,Migros
Entlebuch,Migros-Supermarkt - Hasle Rüegsau,"Emmenau 3, 3415 Hasle bei Burgdorf, Switzerland",47.013465,7.659514,Migros
Entlebuch,Migros-Supermarkt - Bertiswil Rothenburg,"Rosengartenstrasse 2, 6023 Rothenburg, Switzerland",47.1012026,8.263241899999999,Migros
Entlebuch,Migros-Supermarkt - Ruswil,"Rüediswilerstrasse 79, 6017 Ruswil, Switzerland",47.088409999999996,8.11279,Migros
Entlebuch,Migros-Supermarkt - Luzern - Schönbühl,"Langensandstrasse 23, 6005 Luzern, Switzerland",47.037292799999996,8.327643199999999,Migros
Entlebuch,Einkaufscenter Dorfmärt,"Entlebucherstrasse 36, 6110 Wolhusen, Switzerland",47.056309899999995,8.070766299999999,Migros
Entlebuch,Migros-Supermarkt - Luzern - Schweizerhof,"Hertensteinstrasse 9, 6004 Luzern, Switzerland",47.054745,8.3096768,Migros
Entlebuch,Migros-Supermarkt - Luzern - Brüelstrasse,"Kreuzbuchstrasse 53, 6006 Luzern, Switzerland",47.054431900000004,8.339967699999999,Migros
Entlebuch,Migros-Supermarkt - Sarnen - Sarnen-Center,"Nelkenstrasse 5, 6060 Sarnen, Switzerland",46.8967021,8.2489189,Migros
Entlebuch,Migros-Supermarkt - Egolzwil - Schötz,"Schürmatt 1, 6243 Egolzwil, Switzerland",47.1835622,7.981469499999999,Migros
Entlebuch,Migros-Supermarkt - Luzern - Würzenbachstrasse,"Würzenbachstrasse 19, 6006 Luzern, Switzerland",47.0550833,8.3437092,Migros
Entlebuch,Migros-Supermarkt - Ruopigen Zentrum Luzern,"Ruopigenpl., 6015 Luzern, Switzerland",47.061425899999996,8.2747288,Migros
Entlebuch,Migros-Supermarkt - Burgdorf - Neumarkt,"MM Neumarkt, Lyssachstrasse 27, 3400 Burgdorf, Switzerland",47.0590812,7.6210778,Migros
Entlebuch,Migros-Supermarkt - Luzern - Bruchstrasse,"Bruchstrasse 18, 6003 Luzern, Switzerland",47.0506641,8.2993763,Migros
Entlebuch,Migros-Supermarkt - Willisau - Chrüzhof,"Ettiswilerstrasse 14, 6130 Willisau, Switzerland",47.123742799999995,7.9949081,Migros
Entlebuch,Migros-Partner - Neuenkirch,"Luzernstrasse 16, 6206 Neuenkirch, Switzerland",47.0982197,8.205216499999999,Migros
Hochdorf,Migros-Supermarkt - Hochdorf - Seetal-Center,"Hauptstrasse 5, 6280 Hochdorf, Switzerland",47.1660129,8.2917126,Migros
Luzern-Land,Migros-Supermarkt - Luzern - Waldstätter,"Winkelriedstrasse 58, 6003 Luzern, Switzerland",47.046149199999995,8.3072655,Migros
Luzern-Land,Migros-Supermarkt - Luzern - Bahnhof,"Zentralstrasse 1, 6003 Luzern, Switzerland",47.050174399999996,8.3102638,Migros
Luzern-Land,Migros-Supermarkt - Luzern - Allmend,"Zihlmattweg 46, 6005 Luzern, Switzerland",47.031372499999996,8.3045821,Migros
Luzern-Land,Migros-Supermarkt - Luzern - Grossmatte,"Luzernerstrasse 143, 6014 Luzern, Switzerland",47.049070799999996,8.2620816,Migros
Luzern-Land,Migros Daily - Luzern - Bahnhof Daily,"Zentralstrasse 7, 6003 Luzern, Switzerland",47.049482999999995,8.309627299999999,Migros
Luzern-Land,Migros-Supermarkt - Weinbergli Luzern,"Tribschenstrasse 62, 6005 Luzern, Switzerland",47.0423617,8.3167226,Migros
Luzern-Land,Migros-Supermarkt - Ebikon - Mall of Switzerland,"Ebisquare Str. 1, 6030 Ebikon, Switzerland",47.0935442,8.3581326,Migros
Luzern-Land,Migros-Supermarkt - Kriens - Hofmatt,"Luzernerstrasse 30, 6010 Kriens, Switzerland",47.033814299999996,8.2828503,Migros
Luzern-Land,Migros-Supermarkt - Luzern - Schlossberg,"Friedentalstrasse 6, 6004 Luzern, Switzerland",47.0612711,8.3077733,Migros
Luzern-Land,Migros-Supermarkt - Emmenbrücke - Sonnenplatz,"Sonnenpl. 1, 6020 Emmen, Switzerland",47.0778974,8.275323799999999,Migros
Luzern-Land,Migros Cooperative Lucerne,"Industriestrasse 2, 6036 Dierikon, Switzerland",47.097366,8.363616,Migros
Luzern-Land,Migros-Supermarkt - Eichhof Kriens,"Langsägestrasse 21a, 6010 Kriens, Switzerland",47.0389419,8.295709,Migros
Luzern-Land,Migros-Supermarkt - Kriens - Mattenhof,"Am Mattenhof 2, 6010 Kriens, Switzerland",47.0275961,8.300860199999999,Migros
Luzern-Land,Migros-Supermarkt - Ebikon - Ladengasse,"Zentralstrasse 16, 6030 Ebikon, Switzerland",47.0807395,8.3408888,Migros
Sursee,Migros-Supermarkt - Surseepark,"Bahnhofstrasse 28, 6210 Sursee, Switzerland",47.1729202,8.1021966,Migros
Kt. Uri,Migros-Supermarkt - Bürglen/Altdorf - Urnertor,"Urnertor, Gotthardstrasse 67, 6460 Altdorf, Switzerland",46.8727302,8.6513767,Migros
Kt. Uri,Migros-Supermarkt - Altdorf,"Gitschenstrasse 14, 6460 Altdorf, Switzerland",46.8796664,8.641610499999999,Migros
Kt. Uri,Migros-Supermarkt - Erstfeld,"Gotthardstrasse 144, 6472 Erstfeld, Switzerland",46.825151999999996,8.650065999999999,Migros
Kt. Uri,MM-Markt Urnertor,"Gotthardstrasse 67, 6460 Altdorf, Switzerland",46.8727127,8.6514277,Migros
Kt. Uri,Einkaufscenter Urnertor,"Gotthardstrasse 67, 6460 Altdorf, Switzerland",46.872689,8.6508808,Migros
Kt. Uri,Migros-Supermarkt - Ibach-Schwyz - Mythen-Center,"Mythen-Centerstrasse 18, 6438 Ibach, Switzerland",47.015411099999994,8.645852999999999,Migros
Kt. Uri,Migros-Supermarkt - Brunnen - Bahnhofsmärcht,"Bahnhofpl. 19, 6440 Brunnen SZ, Switzerland",46.9999228,8.6088524,Migros
Einsiedeln,Migros-Supermarkt - Einsiedeln,"Eisenbahnstrasse 2, 8840 Einsiedeln, Switzerland",47.128716499999996,8.7460364,Migros
Gersau,Migros-Supermarkt - Goldau,"Parkstrasse 25, 6410 Goldau, Switzerland",47.0508646,8.5510506,Migros
Gersau,Migros-Partner - Weggis,"Luzernerstrasse 44, 6353 Weggis, Switzerland",47.0340043,8.4259411,Migros
Gersau,Migros-Supermarkt - Buochs,"Ennetbürgerstrasse 45, 6374 Buochs, Switzerland",46.9777728,8.4155374,Migros
Gersau,Migros-Supermarkt - Küssnacht - Rigimärt,"Siegwartstrasse 11, 6403 Küssnacht, Switzerland",47.083948,8.441486099999999,Migros
Gersau,Migros-Supermarkt - Unterägeri,"Zugerstrasse 32, 6314 Unterägeri, Switzerland",47.138099,8.5794405,Migros
Gersau,Migros-Supermarkt - Stans - Länderpark,"Bitzistrasse 2, 6370 Stans, Switzerland",46.9653342,8.354756799999999,Migros
Gersau,Volg,"Seestrasse 73, 6354 Vitznau, Switzerland",47.009256,8.4835332,Volg
Gersau,Migros-Supermarkt - Wylpark Hergiswil,"Seestrasse 43, 6052 Hergiswil, Switzerland",46.9871367,8.3123934,Migros
Gersau,Migros-Supermarkt - Horw,"Gemeindehauspl. 14, 6048 Horw, Switzerland",47.0189151,8.3088191,Migros
Gersau,Rigirunde,"Rotflüelen 1, 6442 Gersau, Switzerland",47.0087279,8.515462,Others
Gersau,Migros-Supermarkt - Richterswil,"Schützengass 4, 8805 Richterswil, Switzerland",47.206497999999996,8.705487,Migros
Schwyz,Mythen Center Schwyz,"Mythen-Centerstrasse 18, 6438 Ibach, Switzerland",47.015618599999996,8.6463299,Migros
Schwyz,migrolino Ibach,"Gotthardstrasse 100, 6438 Schwyz, Switzerland",47.0148234,8.6451727,Others
Schwyz,Genossenschaft Migros Luzern,"Mythen-Centerstrasse 15, 6438 Ibach, Switzerland",47.0161624,8.6457423,Migros
Kt. Nidwalden,Migros-Supermarkt - Oberdorf,"Wilmatt 1, 6370 Oberdorf, Switzerland",46.959722,8.386066999999999,Migros
Kt. Nidwalden,VOI Stans,"Marktgasse 2, 6370 Stans, Switzerland",46.9565347,8.366329,Others
Kt. Nidwalden,Migros-Supermarkt - Engelberg,"Klosterstrasse 5, 6390 Engelberg, Switzerland",46.820706,8.405717,Migros
Kt. Nidwalden,VOI Alpnach,"Brünigstrasse 29, 6055 Alpnach, Switzerland",46.9398882,8.2710052,Others
Kt. Nidwalden,Einkaufscenter Länderpark,"Bitzistrasse 2, 6370 Stans, Switzerland",46.964878,8.355131,Migros
Kt. Glarus,Migros-Supermarkt - Glarus - Zentrum Glärnisch,"Schweizerhofstrasse 6, 8750 Glarus, Switzerland",47.0405467,9.0709422,Migros
Kt. Zug,Migros-Supermarkt - Zug - Metalli,"Baarerstrasse 22, 6300 Zug, Switzerland",47.173133299999996,8.5182252,Migros
Kt. Zug,Migros-Supermarkt - Grienbachstrasse Zug,"Grienbachstrasse 11, 6300 Zug, Switzerland",47.1841158,8.522753,Migros
Kt. Zug,Migros-Supermarkt - Zug Herti,"Hertizentrum 10, 6300 Zug, Switzerland",47.178032099999996,8.5059051,Migros
Kt. Zug,Migros-Supermarkt - Zug - Grabenstrasse,"Grabenstrasse 5, 6300 Zug, Switzerland",47.1652756,8.515132,Migros
Kt. Zug,Migros-Supermarkt - Steinhausen - Zugerland,"Hinterbergstrasse 40, 6312 Steinhausen, Switzerland",47.192477499999995,8.4769179,Migros
Kt. Zug,Migros Take Away - Zug - Metalli,"Baarerstrasse 22, 6300 Zug, Switzerland",47.1731163,8.5182469,Migros
Kt. Zug,MMM Einkaufszentrum Zugerland,"Hinterbergstrasse 40, 6312 Steinhausen, Switzerland",47.1920992,8.4785212,Migros
Kt. Zug,Migros-Supermarkt - Rotkreuz,"Buonaserstrasse 1, 6343 Risch-Rotkreuz, Switzerland",47.1412273,8.4287147,Migros
Kt. Zug,Migros-Supermarkt - Steinhausen Dorf,"Bahnhofstrasse 2, 6312 Steinhausen, Switzerland",47.197057199999996,8.4849262,Migros
Kt. Zug,Metalli Zug,"Industriestrasse 15b, 6300 Zug, Switzerland",47.1725451,8.5172505,Migros
Kt. Zug,Migros-Supermarkt - Cham - Neudorf,"Zugerstrasse 15, 6330 Cham, Switzerland",47.1825921,8.4614528,Migros
Kt. Zug,Migros-Supermarkt - Hünenberg Dorf,"Maihölzli 5, 6331 Hünenberg, Switzerland",47.175039999999996,8.427463,Migros
Kt. Zug,Herti Mall,"Hertizentrum 10, 6300 Zug, Switzerland",47.1779576,8.5057368,Migros
Kt. Zug,Migros-Supermarkt - Papieri Cham,"Lagergasse 2, 6330 Cham, Switzerland",47.186623,8.458897,Migros
Kt. Zug,Shopping Center Zugerland,"Hinterbergstrasse 40, 6312 Steinhausen, Switzerland",47.191840299999996,8.4778418,Migros
Kt. Zug,Migros-Supermarkt - Hünenberg See,"Luzernerstrasse 101, 6333 Hünenberg, Switzerland",47.173331999999995,8.449222299999999,Migros
Kt. Zug,Migros-Supermarkt - Baar,"Bahnhofstrasse 5, 6340 Baar, Switzerland",47.1955556,8.525,Migros
La Broye,Supermarché Migros - Estavayer-le-Lac,"Rte de la Chapelle 24, 1470 Estavayer-le-Lac, Switzerland",46.8481276,6.851435899999999,Migros
La Broye,Supermarché Migros - Domdidier,"Grand-Rhain 54, 1564 Domdidier, Switzerland",46.8653887,7.0095835,Migros
La Broye,Supermarché Migros - Avenches,"Rte du Pré-Vert 5, 1580 Avenches, Switzerland",46.8864868,7.0455299,Migros
La Broye,Supermarché Migros - Payerne,"Rue du Temple 19, 1530 Payerne, Switzerland",46.8202778,6.939444399999999,Migros
La Broye,Supermarché Migros - Estavayer Gare,"Rte de la Gare 93, 1470 Estavayer-le-Lac, Switzerland",46.845596,6.845255,Migros
La Broye,Supermarché Migros - Avry Centre,"Rte de Matran 9, 1754 Avry, Switzerland",46.787647899999996,7.0781119,Migros
La Broye,Supermarché Migros,"Rue de Combamare 21, 2025 Chez-Le-Bart, Switzerland",46.899681,6.783871,Migros
La Broye,Migros Partenaire - Lully,"Restoroute, Rose-de-la-Broye 3+41, 1470 Lully, Switzerland",46.831606,6.8580099,Migros
La Broye,Supermarché Migros,"Rte de Lossy 16b, 1782 Belfaux, Switzerland",46.8226655,7.108871499999999,Migros
La Broye,Supermarché Migros - Neyruz,"Pl. de la Gare 10, 1740 Neyruz, Switzerland",46.766247899999996,7.0648309,Migros
La Broye,Supermarché Migros,"Rte d'Agy 2, 1763 Granges-Paccot, Switzerland",46.8208122,7.1540088,Migros
La Broye,Supermarché Migros,"Av. du Collège 37, 2017 Boudry, Switzerland",46.950924799999996,6.840777999999999,Migros
La Broye,Supermarché Migros - Romont,"Rte de la Gare 7, 1680 Romont, Switzerland",46.6932063,6.912556899999999,Migros
La Broye,Migros Partenaire - Thierrens,"Rue du Collège 6, 1410 Thierrens, Switzerland",46.7043768,6.7548138,Migros
La Broye,Supermarché Migros,"Rue Jâmes-Paris 4, 2034 Peseux, Switzerland",46.9861029,6.8892536,Migros
La Broye,Migros Partenaire - Yvonand,"Rue des Vergers 1, 1462 Yvonand, Switzerland",46.79818840000001,6.7443857,Migros
La Broye,Supermarché Migros,"Chem. de Ronzi 2, 2016 Cortaillod, Switzerland",46.9442965,6.8429552,Migros
La Broye,Supermarché Migros - Matran,"Rte du Bois 1, 1753 Matran, Switzerland",46.780795,7.088064999999999,Migros
La Broye,Supermarché Migros - Courtepin,"Rte de l'Industrie 25, 1784 Courtepin, Switzerland",46.865559499999996,7.1200475,Migros
La Broye,Supermarché Migros - Moudon,"Avenue de la Grande Fin 1, 1510 Moudon, Switzerland",46.6679907,6.800809699999999,Migros
La Glâne,Supermarché Migros,"Rue du Centre 4, 1752 Villars-sur-Glâne, Switzerland",46.79346400000001,7.1336463,Migros
La Gruyère,Supermarché Migros,"GRUYÈRE-CENTRE, Rue du Château-d'En-Bas 2, 1630 Bulle, Switzerland",46.6237682,7.0571047,Migros
La Gruyère,Supermarché Migros,"Centre La Tour, Rte de Pra Riond 2, 1635 La Tour-de-Trême, Switzerland",46.6003638,7.0762323,Migros
La Gruyère,Supermarché Migros,"Pl. de la Gare, 1630 Bulle, Switzerland",46.619673,7.0540500999999995,Migros
La Gruyère,Gruyère-Centre,"Rue du Château-d'En-Bas 2, 1630 Bulle, Switzerland",46.623486799999995,7.056961599999999,Migros
La Gruyère,Supermarché Migros,"Haut de Scherwyl 2, 1634 La Roche, Switzerland",46.698191,7.141300299999999,Migros
La Gruyère,Supermarché Migros - La Tour-de-Trême Tivoli,"Rue de l'Ancien Comté 17b, 1635 La Tour-de-Trême, Switzerland",46.610624099999995,7.0633925,Migros
La Sarine,Supermarché Migros,"Route de la, Rte de Cité-des-Jardins 13A, 1700 Fribourg, Switzerland",46.809101999999996,7.171377000000001,Migros
La Sarine,Supermarché Migros - Marché FR,"Rue Saint-Pierre 2, 1700 Fribourg, Switzerland",46.803415,7.154414,Migros
La Sarine,MIGROS,"Bd de Pérolles 21A, 1700 Fribourg, Switzerland",46.799792200000006,7.152309499999999,Migros
La Sarine,Supermarché Migros,"Rte Sainte-Thérèse 2a, 1700 Fribourg, Switzerland",46.810070599999996,7.1480402,Migros
La Sarine,Supermarché Migros - Gare Fribourg,"Rue Louis-d'Affry 2, 1701 Fribourg, Switzerland",46.803670100000005,7.1501855,Migros
See / Lac,Migros-Supermarkt - Morat,"Bernstrasse 18, 3280 Murten, Switzerland",46.9300688,7.1230561,Migros
See / Lac,Migros-Supermarkt - Düdingen,"Käsereistrasse 3, 3186 Düdingen, Switzerland",46.8470441,7.191617699999999,Migros
See / Lac,Supermarché Migros,"Rte d'Englisberg 15B, 1763 Granges-Paccot, Switzerland",46.828876199999996,7.1469666,Migros
See / Lac,Migros-Supermarkt - Kerzers,"Murtenstrasse 15, 3210 Kerzers, Switzerland",46.973461199999996,7.194056499999999,Migros
See / Lac,VOI Ins,"Moosgasse 7, 3232 Ins, Switzerland",47.0040767,7.1070613,Others
See / Lac,Migros-Supermarkt - Köniz - Bläuacker,"Bläuacker 10, 3098 Köniz, Switzerland",46.923304699999996,7.414155,Migros
La Veveyse,Supermarché Migros,"Av. Gustave-Coindet 11, 1800 Vevey, Switzerland",46.4636426,6.8402781,Migros
La Veveyse,Supermarché Migros - Vevey Des 2 Gares,"Rue des Moulins 5 b, 1800 Vevey, Switzerland",46.4646969,6.842102199999999,Migros
La Veveyse,MIGROS,"Rte de Montreux 56, 1618 Châtel-Saint-Denis, Switzerland",46.5241343,6.9051336999999995,Migros
La Veveyse,Supermarché Migros,"Pl. des Anciens-Fossés 10B, 1814 La Tour-de-Peilz, Switzerland",46.4526496,6.8574724,Migros
La Veveyse,Supermarché Migros - Blonay,"Rte du Village 37, 1807 Blonay, Switzerland",46.4653031,6.895240299999999,Migros
La Veveyse,Centre commercial Midi-Coindet,"Av. du Général-Guisan 21-19, 1800 Vevey, Switzerland",46.463739499999996,6.8404136,Migros
La Veveyse,Supermarché Migros - Oron-la-Ville,"Rte de Lausanne 2, 1610 Oron, Switzerland",46.5719444,6.825833299999999,Migros
La Veveyse,Centre Manor Vevey,"Av. du Général-Guisan 1, 1800 Vevey, Switzerland",46.462986,6.841145000000001,Others
La Veveyse,MIGROS,"Rue du Léman 9, 1815 Montreux, Switzerland",46.4404128,6.8932376,Migros
La Veveyse,MIGROS,"Pl. du Marché 6, 1820 Montreux, Switzerland",46.43136260000001,6.9103024,Migros
La Veveyse,Kiss The Ground Vevey - KTG,"Rue de Lausanne 10, 1800 Vevey, Switzerland",46.4619406,6.8429826,Others
La Veveyse,Supermarché Migros - Lutry – La Conversion,"Rte de la Conversion 314, 1093 Lutry, Switzerland",46.513371799999994,6.676877999999999,Migros
La Veveyse,MIGROS,"En, Bellossy, 1897 Le Bouveret, Switzerland",46.377283399999996,6.8605939,Migros
La Veveyse,Migros Partenaire - Puidoux,"Chem. de Publoz 11, 1070 Puidoux, Switzerland",46.4922216,6.769493799999999,Migros
La Veveyse,Supermarché Migros - Noville,"Rte du Simplon, 1845 Noville, Switzerland",46.3905203,6.9218293,Migros
Gäu,Migros-Supermarkt - Egerkingen Gäupark Prov.,"Hausimollstrasse 1, 4622 Egerkingen, Switzerland",47.317625,7.8017449999999995,Migros
Thal,Migros-Supermarkt - Thal,"Wiesentalstrasse 4, 9425 Thal, Switzerland",47.4798306,9.576772,Migros
Dorneck,Migros-Supermarkt - Dornach,"Wollmattweg 7, 4143 Dornach, Switzerland",47.4882089,7.611779899999999,Migros
Gösgen,VOI Niedergösgen,"Aarestrasse 49, 5013 Niedergösgen, Switzerland",47.3717233,7.993319100000001,Others
Gösgen,Migros-Supermarkt - Schönenwerd,"Carl-Franz-Bally-Strasse 14, 5012 Schönenwerd, Switzerland",47.373526999999996,8.003121,Migros
Gösgen,Genossenschaft Migros Aare,"Aarestrasse 49, 5013 Niedergösgen, Switzerland",47.371829299999995,7.9937023,Migros
Gösgen,Migros-Supermarkt - Oftringen,"Zürichstrasse 2, 4665 Oftringen, Switzerland",47.3123316,7.921461399999999,Migros
Gösgen,Migros-Supermarkt - Olten - Sälipark,"Louis Giroud-Strasse 20, 4600 Olten, Switzerland",47.346739199999995,7.909491399999999,Migros
Gösgen,Migros-Supermarkt - Lostorf,"Hauptstrasse 20, 4654 Lostorf, Switzerland",47.382906,7.947779700000001,Migros
Gösgen,Migros-Supermarkt - Unterentfelden,"Binzmattweg 8, 5035 Unterentfelden, Switzerland",47.3619444,8.0458333,Migros
Gösgen,Migros-Supermarkt - Buchs AG - Wynecenter,"Bresteneggstrasse 9B, 5033 Buchs, Switzerland",47.3844936,8.0888236,Migros
Gösgen,Migros-Supermarkt - Gelterkinden,"Badweg 2, 4460 Gelterkinden, Switzerland",47.4659608,7.8506119,Migros
Gösgen,Migros-Supermarkt - Zofingen,"Aarburgerstrasse 5, 4800 Zofingen, Switzerland",47.291730199999996,7.9424299,Migros
Gösgen,Migros-Supermarkt - Olten - Hammer,"Solothurnerstrasse 21, 4600 Olten, Switzerland",47.3499775,7.898125800000001,Migros
Gösgen,Migros-Supermarkt - Aarau - Igelweid,"Igelweid 18, 5000 Aarau, Switzerland",47.39170850000001,8.0461303,Migros
Gösgen,Migros-Supermarkt - Erlinsbach,"Zentrum Rössli, 5018 Erlinsbach, Switzerland",47.405318,8.0082861,Migros
Gösgen,Migros-Supermarkt - Oensingen,"Mühlefeldstrasse 53, 4702 Oensingen, Switzerland",47.2889251,7.719151699999999,Migros
Gösgen,Migros-Supermarkt - Brugg - Neumarkt,"Neumarktpl. 1, 5200 Brugg, Switzerland",47.4822233,8.2092979,Migros
Gösgen,VOI Rombach,"Bibersteinerstrasse 4, 5022 Rombach, Switzerland",47.401666399999996,8.0444915,Others
Gösgen,Migros-Supermarkt - Gebenstorf,"Wambisterstrasse, 5412 Gebenstorf, Switzerland",47.4899288,8.2445801,Migros
Gösgen,Migros-Supermarkt - Gränichen,"Lindenpl. 2, 5722 Gränichen, Switzerland",47.360079,8.0978877,Migros
Wasseramt,Migros-Supermarkt - Solothurn,"Wengistrasse 13, 4500 Solothurn, Switzerland",47.2068854,7.533167,Migros
Wasseramt,Migros-Supermarkt - Derendingen,"Hauptstrasse 22, 4552 Derendingen, Switzerland",47.1973593,7.5838776,Migros
Wasseramt,Migros-Supermarkt - Biberist,"Hauptstrasse 21, 4562 Biberist, Switzerland",47.183104,7.561767,Migros
Wasseramt,Migros-Supermarkt - Zuchwil,"Hauptstrasse 60-62, 4528 Zuchwil, Switzerland",47.203635899999995,7.560237099999998,Migros
Wasseramt,Migros-Supermarkt - Solothurn Baselstrasse,"Baselstrasse 30/32, 4500 Solothurn, Switzerland",47.2112133,7.5446377,Migros
Wasseramt,Migros-Supermarkt - Solothurn Öufi,"Bielstrasse 80, 4500 Solothurn, Switzerland",47.2113515,7.5262265,Migros
Wasseramt,Migros-Supermarkt - Gerlafingen,"Friedhofstrasse 1, 4563 Gerlafingen, Switzerland",47.170901199999996,7.574156200000001,Migros
Wasseramt,Migros,"Vorstadt 14, 3380 Wangen an der Aare, Switzerland",47.233916,7.6554031,Migros
Wasseramt,Migros-Supermarkt - Herzogenbuchsee,"Bernstrasse 33, 3360 Herzogenbuchsee, Switzerland",47.186557699999994,7.703737199999999,Migros
Wasseramt,Migros-Supermarkt - Utzenstorf,"Hauptstrasse 29, 3427 Utzenstorf, Switzerland",47.128547,7.558567000000001,Migros
Wasseramt,VOI Wangen a. Aare,"Vorstadt 14, 3380 Wangen an der Aare, Switzerland",47.2339316,7.6554413,Others
Wasseramt,Coop Supermarkt Solothurn Westring,"Schanzenstrasse 6, 4500 Solothurn, Switzerland",47.207149300000005,7.5340574,Coop
Wasseramt,Migros-Supermarkt - Kirchberg,"Solothurnstrasse 17a, 3422 Kirchberg, Switzerland",47.0887436,7.5811429,Migros
Wasseramt,Lidl Schweiz,"Werkhofstrasse 29d, 4500 Solothurn, Switzerland",47.211639999999996,7.53607,Lidl
Wasseramt,Migros-Supermarkt - Murgenthal,"Fahrackerstrasse 1, 4853 Murgenthal, Switzerland",47.2648681,7.8291953,Migros
Wasseramt,Migros Restaurant - Langendorf - Ladedorf,"Fabrikstrasse 6, 4513 Langendorf, Switzerland",47.2187449,7.511567199999999,Migros
Thierstein,Migros-Supermarkt - Münchenstein - Gartenstadt,"Kaspar Pfeiffer-Strasse 2, 4142 Münchenstein, Switzerland",47.521720599999995,7.607324699999999,Migros
Kt. Basel-Stadt,Migros-Supermarkt - Basel - Claramarkt,"u. Rebgasse 11, 4058 Basel, Switzerland",47.5617083,7.592391699999999,Migros
Kt. Basel-Stadt,Migros-Supermarkt - Basel - Drachen-Center,"Aeschenvorstadt 24, 4051 Basel, Switzerland",47.5526875,7.5929774,Migros
Kt. Basel-Stadt,Migros Supermarket - SBB Train Station - Basel,"Centralbahnstrasse 10, 4051 Basel, Switzerland",47.547791499999995,7.5887825,Migros
Kt. Basel-Stadt,Migros-Supermarkt - Basel - Juniors Market,"Grenzacherstrasse 62, 4058 Basel, Switzerland",47.5586316,7.6017426,Migros
Kt. Basel-Stadt,Migros-Supermarkt - Basel - Märtplatz,"Eisengasse 12, 4051 Basel, Switzerland",47.559281299999995,7.5877637999999985,Migros
Kt. Basel-Stadt,Migros-Supermarkt - Basel - Eglisee,"Riehenstrasse 315, 4058 Basel, Switzerland",47.569905899999995,7.615326400000001,Migros
Kt. Basel-Stadt,Migros-Supermarkt - Basel - Schützenmatt,"Schützenmattstrasse 27, 4051 Basel, Switzerland",47.556044199999995,7.581315699999999,Migros
Kt. Basel-Stadt,Migros-Supermarkt - Basel - Mülhauser,"Mülhauserstrasse 70-72, 4056 Basel, Switzerland",47.568363299999994,7.5794147,Migros
Kt. Basel-Stadt,Migros-Supermarkt - Basel - Burgfelder,"Burgfelderstrasse 11, 4055 Basel, Switzerland",47.562394399999995,7.5726274,Migros
Kt. Basel-Stadt,Migros-Supermarkt - Basel - Gundelitor,"Güterstrasse 180, 4053 Basel, Switzerland",47.5435858,7.592101899999999,Migros
Kt. Basel-Stadt,Migros-Supermarkt - Basel - Hardstrasse,"Hardstrasse 105, 4052 Basel, Switzerland",47.5493601,7.607247300000001,Migros
Kt. Basel-Stadt,Migros-Partner - Basel - Birsigstrasse,"Birsigstrasse 105, 4054 Basel, Switzerland",47.5501347,7.5783333,Migros
Kt. Basel-Stadt,Migros-Partner - Basel - Lachenstrasse,"Lachenstrasse 1, 4056 Basel, Switzerland",47.5681677,7.569703799999999,Migros
Kt. Basel-Stadt,Migros-Supermarkt - Basel - Efringer,"Efringerstrasse 32, 4057 Basel, Switzerland",47.569163499999995,7.5964325,Migros
Kt. Basel-Stadt,Migros-Supermarkt - Basel - Stücki,"Hochbergerstrasse 70, 4057 Basel, Switzerland",47.579945699999996,7.5963342,Migros
Kt. Basel-Stadt,Migros-Supermarkt - Basel - Allschwiler,"Allschwilerstrasse 31, 4055 Basel, Switzerland",47.55601,7.573294,Migros
Kt. Basel-Stadt,Migros-Supermarkt - Basel - Neuweiler,"Neuweilerpl. 7, 4054 Basel, Switzerland",47.546948199999996,7.564209900000001,Migros
Kt. Basel-Stadt,Migros-Partner - Basel - Zürcherstrasse,"Zürcherstrasse 160, 4052 Basel, Switzerland",47.555632599999996,7.614674399999998,Migros
Arlesheim,Migros-Supermarkt - Arlesheim,"Postpl. 7, 4144 Arlesheim, Switzerland",47.494260999999995,7.6185545999999995,Migros
Laufen,Migros-Supermarkt - Laufen - Birscenter,"Bahnhofstrasse 4, 4242 Laufen, Switzerland",47.4201067,7.5017499999999995,Migros
Liestal,Migros-Supermarkt - Liestal,"Kasernenstrasse 8, 4410 Liestal, Switzerland",47.4825241,7.7360720999999995,Migros
Sissach,Migros-Supermarkt - Sissach,"Hauptstrasse 17, 4450 Sissach, Switzerland",47.462076599999996,7.816137800000001,Migros
Waldenburg,Migros-Supermarkt - Uitikon-Waldegg,"Zürcherstrasse 8, 8142 Uitikon, Switzerland",47.3684463,8.4628667,Migros
Oberklettgau,Migros-Supermarkt - Neunkirch,"Löhningerstrasse 4, 8213 Neunkirch, Switzerland",47.690347499999994,8.5043746,Migros
Oberklettgau,Migros-Supermarkt - Schaffhausen - Herblinger Markt,"Stüdliackerstrasse 4, 8207 Schaffhausen, Switzerland",47.7202796,8.6642599,Migros
Oberklettgau,Migros-Supermarkt - Beringen,"Schaffhauserstrasse 72, 8222 Beringen, Switzerland",47.6960032,8.5824228,Migros
Oberklettgau,Migros-Supermarkt - Schaffhausen - Vorstadt,"Bahnhofstrasse 56, 8200 Schaffhausen, Switzerland",47.698817899999995,8.6340509,Migros
Oberklettgau,Migros-Supermarkt - Neuhausen,"Im Rhytech 4, 8212 Neuhausen am Rheinfall, Switzerland",47.68262,8.613567999999999,Migros
Oberklettgau,Migros-Supermarkt - Schaffhausen - Buchthalen,"Dürstlingweg 2, 8203 Schaffhausen, Switzerland",47.699119,8.654577,Migros
Oberklettgau,Migros-Supermarkt - Eglisau-Nord,"Bauelenzelgstrasse 16, 8193 Eglisau, Switzerland",47.5803363,8.513028499999999,Migros
Oberklettgau,Migros-Supermarkt - Thayngen,"Biberstrasse 30, 8240 Thayngen, Switzerland",47.748766,8.706563899999999,Migros
Oberklettgau,Migros-Supermarkt - Bad Zurzach,"Promenadestrasse 10, 5330 Bad Zurzach, Switzerland",47.5859375,8.2962551,Migros
Oberklettgau,Migros-Supermarkt - Schaffhausen - Breite,"Hohlenbaumstrasse 79, 8200 Schaffhausen, Switzerland",47.70639440000001,8.6199955,Migros
Oberklettgau,Migros-Supermarkt - Stein am Rhein,"Kaltenbacherstrasse 41, 8260 Stein am Rhein, Switzerland",47.65139430000001,8.853030799999999,Migros
Oberklettgau,Migros-Supermarkt - Pfungen,"Weiacherstrasse 1, 8422 Pfungen, Switzerland",47.5174613,8.650236699999999,Migros
Oberklettgau,Coop Supermarkt Schaffhausen Herblingen,"Stüdliackerstrasse 10, 8207 Schaffhausen, Switzerland",47.721550699999995,8.666085599999999,Coop
Oberklettgau,Coop Supermarkt Schaffhausen Gruben,"In Gruben 1, 8200 Schaffhausen, Switzerland",47.7027412,8.6459231,Coop
Oberklettgau,Migros-Supermarkt - Diessenhofen,"Bahnhofstrasse 15, 8253 Diessenhofen, Switzerland",47.685955,8.752137,Migros
Schleitheim,Coop Supermarkt Schleitheim,"Schaffhauserstrasse 3, 8226 Schleitheim, Switzerland",47.7466374,8.4806901,Coop
Schleitheim,Migrol Tankstelle,"Schwarzwaldstrasse 73, 8226 Schleitheim, Switzerland",47.747954,8.458063899999999,Others
Schleitheim,Landi Genossenschaft Schleitheim,"Randenstrasse 1, 8226 Schleitheim, Switzerland",47.7499505,8.4880738,Others
Schleitheim,Migros-Supermarkt - Steckborn,"Im, Feldbach 1, 8266 Steckborn, Switzerland",47.663752699999996,8.977659,Migros
Schleitheim,Migros-Supermarkt - Frauenfeld - Multiplex,"Langfeldstrasse 53, 8500 Frauenfeld, Switzerland",47.5657439,8.90491,Migros
Schleitheim,Migros-Supermarkt - Wiesendangen,"Alte Frauenfelderstrasse 9, 8542 Wiesendangen, Switzerland",47.5227922,8.7728439,Migros
Stein,Migros-Supermarkt - Stein,"Schaffhauserstrasse 61, 4332 Stein, Switzerland",47.5489963,7.9546493,Migros
Unterklettgau,Coop Supermarkt Neunkirch,"Bahnhofstrasse 1A, 8213 Neunkirch, Switzerland",47.6894701,8.4957978,Coop
Unterklettgau,Migrol Service,"Zollstraße 6, 8219 Trasadingen, Switzerland",47.6666357,8.4362874,Others
Unterklettgau,Migros-Supermarkt - Untersiggenthal,"Mardeläckerstrasse 1c, 5417 Untersiggenthal, Switzerland",47.499219000000004,8.258718,Migros
Kt. Appenzell i.Rh.,Migros-Supermarkt - Appenzell,"Feldstrasse 16, 9050 Appenzell, Switzerland",47.3339217,9.405721999999999,Migros
St. Gallen,Migros-Supermarkt - St. Gallen - Neumarkt,"St. Leonhard-Strasse 35, 9000 St. Gallen, Switzerland",47.4222438,9.3706623,Migros
St. Gallen,Migros,"Bachstrasse 29, 9008 St. Gallen, Switzerland",47.435440899999996,9.3918514,Migros
St. Gallen,Migros-Supermarkt - St. Gallen - Spisermarkt,"Brühlgasse 28, 9000 St. Gallen, Switzerland",47.425236299999995,9.3781919,Migros
St. Gallen,Migros-Supermarkt - St. Gallen - Neudorf,"Rorschacher Str. 249, 9016 St. Gallen, Switzerland",47.4371757,9.4051987,Migros
St. Gallen,Migros-Supermarkt - St. Gallen - Langgasse,"Langgasse 20, 9008 St. Gallen, Switzerland",47.4353414,9.3863105,Migros
St. Gallen,Migros-Supermarkt - St. Gallen - Bruggen,"Fürstenlandstrasse 157, 9014 St. Gallen, Switzerland",47.4100123,9.3351183,Migros
St. Gallen,Migros-Supermarkt - St. Gallen - Lachen,"Ulmenstrasse 11, 9000 St. Gallen, Switzerland",47.420364899999996,9.3539816,Migros
St. Gallen,Neumarkt St. Gallen,"Vadianstrasse 29, 9000 St. Gallen, Switzerland",47.4219204,9.3712725,Migros
St. Gallen,Migros-Supermarkt - Abtwil - Säntispark,"Wiesenbachstrasse 7, 9030 Abtwil SG, Switzerland",47.417799099999996,9.3165209,Migros
St. Gallen,Migros-teo - Riethüsli,"Teufener Str. 151, 9012 St. Gallen, Switzerland",47.4107272,9.3670407,Migros
Rorschach,Migros-Supermarkt - Rorschach - Trischliplatz,"Trischlistrasse 15, 9400 Rorschach, Switzerland",47.4784594,9.4895509,Migros
Rorschach,Migros-Supermarkt - Rorschach - Promenade,"Promenadenstrasse 83, 9400 Rorschach, Switzerland",47.474196799999994,9.4953107,Migros
Rheintal,Migros-Supermarkt - St. Margrethen - Rheinpark,"Neudorfstrasse 60, 9430 St. Margrethen, Switzerland",47.450334399999996,9.6508009,Migros
Rheintal,Migros-Supermarkt - Widnau - Rhydorf-Center,"Bahnhofstrasse 2, 9443 Widnau, Switzerland",47.4072494,9.629349699999999,Migros
Rheintal,Migros-Supermarkt - Au SG,"Nollenhornstrasse 9, 9434 Au, Switzerland",47.431154299999996,9.6379817,Migros
Rheintal,Migros-Supermarkt - Altstätten SG,"Stossstrasse 2, 9450 Altstätten, Switzerland",47.377104499999994,9.5373227,Migros
Rheintal,Migros-Supermarkt - Rheineck,"Rhyguetstrasse 2, 9424 Rheineck, Switzerland",47.4683877,9.588585700000001,Migros
Rheintal,Migros-Supermarkt - Diepoldsau,"Hintere Kirchstrasse 1, 9444 Diepoldsau, Switzerland",47.385730900000006,9.656215999999999,Migros
Rheintal,Migros-Supermarkt - Oberriet,"Staatsstrasse 56, 9463 Oberriet, Switzerland",47.3155572,9.563509,Migros
Rheintal,Migros-Partner - Rebstein,"Staatsstrasse 128, 9445 Rebstein, Switzerland",47.396972399999996,9.580628899999999,Migros
Rheintal,Migros-Supermarkt - Heerbrugg,"Auerstrasse 31, 9435 Heerbrugg, Switzerland",47.4151313,9.6320429,Migros
Rheintal,Migros-teo - Altenrhein,"Dorfstrasse 3, 9423 Thal, Switzerland",47.4872491,9.5498885,Migros
Rheintal,Migros-Supermarkt - Heiden,"Sonnentalstrasse 2, 9410 Heiden, Switzerland",47.439022,9.5360622,Migros
Werdenberg,Migros-Supermarkt - Buchs SG,"Churerstrasse 10, 9470 Buchs, Switzerland",47.1639433,9.4727375,Migros
Werdenberg,Migros-Supermarkt - Schaan,"Im Rösle 2, 9494 Schaan, Liechtenstein",47.168639,9.504043,Migros
Werdenberg,Migros-Supermarkt - Sevelen,"Bahnhofstrasse 53, 9475 Sevelen, Switzerland",47.12238,9.489289399999999,Migros
Werdenberg,Migros-Supermarkt - Triesen,"Landstrasse 251, 9495 Triesen, Liechtenstein",47.108667399999995,9.5256168,Migros
Sarganserland,Einkaufszentrum Pizolpark,"Grossfeldstrasse 56, 8887 Mels, Switzerland",47.042121099999996,9.4312979,Migros
Sarganserland,Migros-Supermarkt - Landquart,"Bahnhofstrasse 54, 7302 Landquart, Switzerland",46.9678955,9.561741099999999,Migros
Sarganserland,Migros-Supermarkt - Flums,"Lochrietstrasse 27, 8890 Flums, Switzerland",47.0981242,9.3534814,Migros
Sarganserland,Migros-Supermarkt - Walenstadt,"Bahnhofstrasse 27, 8880 Walenstadt, Switzerland",47.1219487,9.313597699999999,Migros
Sarganserland,migrolino Sargans,"Bahnhofpark 1, 7320 Sargans, Switzerland",47.0455974,9.4441402,Others
Sarganserland,Migros-Supermarkt - Chur Masans,"Masanserstrasse 240, 7000 Chur, Switzerland",46.8713252,9.5345596,Migros
Sarganserland,MANOR Sargans,"Grossfeldstrasse, 7320 Sargans, Switzerland",47.046470199999995,9.4388296,Others
Sarganserland,Migros-Supermarkt - Chur - Calandapark,"Pargherastrasse 1, 7000 Chur, Switzerland",46.8461654,9.513518999999999,Migros
Sarganserland,Migros-Supermarkt - Domat-Ems,"Via la Val 1, 7013 Domat/Ems, Switzerland",46.8374898,9.4653662,Migros
Sarganserland,Migros-Supermarkt - Chur - Gäuggeli,"Gäuggelistrasse 28, 7000 Chur, Switzerland",46.851612499999995,9.5275685,Migros
Sarganserland,Migros-Supermarkt - Chur - Ringstrasse,"Ringstrasse 91, 7000 Chur, Switzerland",46.8577523,9.520960299999999,Migros
Sarganserland,Migros-Supermarkt - Zizers,"Calandastrasse 2, 7205 Zizers, Switzerland",46.932761799999994,9.561691099999999,Migros
Sarganserland,Lidl Schweiz,"Wolfrietstrasse 8, 7323 Vilters-Wangs, Switzerland",47.038330099999996,9.4392528,Lidl
Sarganserland,Coop Supermarkt Sargans,"Bahnhofstrasse 4, 7320 Sargans, Switzerland",47.0474811,9.4406068,Coop
Sarganserland,ALIGRO Wangs-Sargans,"Bahnhofstrasse 58, 7323 Vilters-Wangs, Switzerland",47.0390746,9.438170699999999,Others
See-Gaster,Migros-Supermarkt - Uznach,"Wiesentalstrasse 4, 8730 Uznach, Switzerland",47.227982,8.965198,Migros
See-Gaster,Migros-Supermarkt - Eschenbach,"Rickenstrasse 12, 8733 Eschenbach, Switzerland",47.2409518,8.9240392,Migros
See-Gaster,Migros-Supermarkt - Reichenburg,"Gewerbestrasse 4, 8864 Reichenburg, Switzerland",47.172396899999995,8.969543999999999,Migros
See-Gaster,Migros-Supermarkt - Rapperswil - Sonnenhof,"Zürcherstrasse 4, 8640 Rapperswil-Jona, Switzerland",47.229450199999995,8.8213855,Migros
See-Gaster,Migros-Supermarkt - Jona - Stadttor,"Molkereistrasse 5, 8645 Jona SG, Switzerland",47.231463,8.837396,Migros
See-Gaster,Migros-Supermarkt - Rüti ZH,"Bandwiesstrasse 6, 8630 Rüti, Switzerland",47.2580223,8.849253599999999,Migros
See-Gaster,Migros-Supermarkt - Lachen,"Feldstrasse 6, 8853 Lachen, Switzerland",47.1915957,8.855888,Migros
See-Gaster,Migros-Supermarkt - Niederurnen,"Ziegelbrückstrasse 21, 8867 Niederurnen, Switzerland",47.12842630000001,9.056007,Migros
See-Gaster,Migros-Supermarkt - Wald ZH,"Bahnhofstrasse 20, 8636 Wald, Switzerland",47.2748977,8.9147502,Migros
See-Gaster,Migros-Partner - Kaltbrunn,"Uznacherstrasse 1, 8722 Kaltbrunn, Switzerland",47.213378299999995,9.0245885,Migros
See-Gaster,Migros-Supermarkt - Ebnat-Kappel,"Kapplerstrasse 16, 9642 Ebnat-Kappel, Switzerland",47.265076799999996,9.1206959,Migros
See-Gaster,Migros-Supermarkt - Stäfa,"Goethestrasse 18, 8712 Stäfa, Switzerland",47.2406752,8.724061599999999,Migros
See-Gaster,Migros-Supermarkt - Wattwil,"Bahnhofstrasse 19, 9630 Wattwil, Switzerland",47.299234000000006,9.087404,Migros
See-Gaster,Obersee Center Lachen,"Feldstrasse 6, 8853 Lachen, Switzerland",47.191856,8.8553584,Migros
See-Gaster,Migros-Supermarkt - Gossau ZH,"Im Zentrum 3, 8625 Gossau, Switzerland",47.3069585,8.757630899999999,Migros
See-Gaster,Migros-Supermarkt - Hombrechtikon,"Rütistrasse 16, 8634 Hombrechtikon, Switzerland",47.251906899999994,8.7695935,Migros
See-Gaster,M-Outlet - Rüti ZH,"Werkstrasse 43, 8630 Rüti, Switzerland",47.2539313,8.852777099999999,Migros
See-Gaster,Migros-Supermarkt - Bütschwil,"Landstrasse 41, 9606 Bütschwil, Switzerland",47.3631945,9.0732008,Migros
Toggenburg,Migros-Supermarkt - Kirchberg-Stelz,"Wilerstrasse 204, 9533 Kirchberg, Switzerland",47.4389567,9.056758,Migros
Toggenburg,Migros-Supermarkt - Bazenheid,"Wilerstrasse 17, 9602 Bazenheid, Switzerland",47.4127462,9.0684864,Migros
Toggenburg,Migros-Supermarkt - Neu St. Johann,"Toggenburgerstrasse 13, 9652 Neu St. Johann, Switzerland",47.229132799999995,9.195839,Migros
Toggenburg,Migros-Supermarkt - Wil SG,"Obere Bahnhofstrasse 5, 9500 Wil, Switzerland",47.462657899999996,9.042736999999999,Migros
Toggenburg,Migros-Supermarkt - Sirnach,"Winterthurerstrasse 27, 8370 Sirnach, Switzerland",47.463726,8.9917374,Migros
Toggenburg,Migros-Supermarkt - Degersheim,"Hauptstrasse 81, 9113 Degersheim, Switzerland",47.372413099999996,9.1963359,Migros
Toggenburg,Migros-Supermarkt - Bronschhofen,"Amp-Strasse 2, 9552 Bronschhofen, Switzerland",47.4807063,9.032590299999999,Migros
Toggenburg,Einkaufscenter Migros Herisau,"Kasernenstrasse 18, 9100 Herisau, Switzerland",47.386112399999995,9.2834259,Migros
Toggenburg,Migros-Supermarkt - Flawil,"Magdenauerstrasse 10, 9230 Flawil, Switzerland",47.412830299999996,9.1861496,Migros
Toggenburg,Migros-Supermarkt - Bichelsee,"Gewerbestrasse 4, 8363 Bichelsee-Balterswil, Switzerland",47.4496379,8.9307187,Migros
Toggenburg,Migros-Supermarkt - Herisau,"Gartenstrasse 2, 9100 Herisau, Switzerland",47.386080799999995,9.283780199999999,Migros
Toggenburg,Migros-Supermarkt - Zuzwil,"Herbergstrasse 17, 9524 Zuzwil, Switzerland",47.4719171,9.1127377,Migros
Toggenburg,Migros-Supermarkt - Münchwilen,"Wilerstrasse 5, 9542 Münchwilen, Switzerland",47.4777369,8.9981834,Migros
Toggenburg,Migros-Supermarkt - Gossau,"St. Gallerstrasse 115, 9200 Gossau, Switzerland",47.4177921,9.2563895,Migros
Albula,Migros-Supermarkt - Churwalden,"Hauptstrasse 146, 7075 Churwalden, Switzerland",46.7779744,9.5437795,Migros
Albula,Migros-Supermarkt - Thusis - im Park,"Im Park, 7430 Thusis, Switzerland",46.694364,9.440026,Migros
Albula,Migros-Supermarkt - Davos Symondpark,"SYMONDPARK, Promenade 105, 7270 Davos, Switzerland",46.801534499999995,9.8325773,Migros
Albula,Migros-Supermarkt - Davos-Dorf,"Promenade 146, 7260 Davos, Switzerland",46.807323,9.838282999999999,Migros
Albula,Lidl Schweiz,"Ital. Str. 25, 7430 Thusis, Switzerland",46.710139999999996,9.43596,Lidl
Albula,Coop Supermarkt Churwalden,"Wiherwäg 9, 7075 Churwalden, Switzerland",46.7792251,9.5441638,Coop
Albula,Coop Supermarkt Filisur,"Bahnhofstrasse 5, 7477 Filisur, Switzerland",46.6737556,9.683861499999999,Coop
Albula,Migros-Supermarkt - Ilanz - Center Marcau,"Poststrasse 4, 7130 Ilanz, Switzerland",46.774643999999995,9.2076595,Migros
Albula,Volg,"Voa Sporz 12, 7078 Lenzerheide, Switzerland",46.7283897,9.5534878,Others
Surselva,Marcau en Surselva,"Glennerstrasse 23, 7130 Ilanz, Switzerland",46.774900599999995,9.2075059,Migros
Surselva,SPAR Supermarkt Disentis,"Via Gonda 12, 7180 Disentis/Mustér, Switzerland",46.701896999999995,8.8516157,SPAR
Surselva,ALDI SUISSE,"Grüneck 2, 7130 Ilanz/Glion, Switzerland",46.77531,9.19152,ALDI
Surselva,Puracenter AG SPAR Supermarkt,"Glennerstrasse 10, 7130 Ilanz, Switzerland",46.773995,9.206388,SPAR
Surselva,Coop Supermarkt Ilanz,"Via Crappa Grossa 24, 7130 Ilanz, Switzerland",46.774591799999996,9.1923234,Coop
Surselva,Volg Disentis/Mustér,"Via Lucmagn 6, 7180 Disentis/Mustér, Switzerland",46.7052841,8.8535513,Volg
Surselva,Denner Discount,"Isla 53, 7151 Schluein, Switzerland",46.7790922,9.222214,Denner
Surselva,Coop Supermarkt Flims Stenna,"Via Nova 80, 7017 Flims, Switzerland",46.8337617,9.2823183,Coop
Surselva,Migros Snackautomat,"Gäuggelistrasse 28, 7000 Chur, Switzerland",46.8519704,9.527474999999999,Migros
Engiadina B./Val Müstair,Volg,"Via Maistra 27, 7537 Müstair, Switzerland",46.6266004,10.445838499999999,Volg
Maloja,Porta Cho d'Punt Samedan,"Cho d'Punt 10, 7503 Samedan, Switzerland",46.531171099999995,9.8741405,Migros
Maloja,Supermercato Migros - Maggia,"Via Cantonale, 6673 Maggia, Switzerland",46.2455666,8.705389799999999,Migros
Maloja,Latteria,"Strada Cantonale 335, 7516 Maloggia, Switzerland",46.400904399999995,9.695048,Others
Maloja,Migros Restaurant - Samedan,"Cho d'Punt 10, 7503 Samedan, Switzerland",46.5311674,9.8739206,Migros
Prättigau / Davos,M-Outlet - Davos Outlet,"Promenade 40, 7270 Davos, Switzerland",46.7935028,9.8211946,Migros
Aarau,Migros-Supermarkt - Aarau Bahnhof,"Bahnhofpl. 3h, 5000 Aarau, Switzerland",47.391847999999996,8.0528712,Migros
Baden,Migros-Supermarkt - Baden - City,"Bahnhofstrasse 40/42, 5400 Baden, Switzerland",47.4769437,8.3085122,Migros
Laufenburg,Migros-Supermarkt - Frick,"Hauptstrasse 44, 5070 Frick, Switzerland",47.5079554,8.019250099999999,Migros
Laufenburg,Coop Supermarkt Laufenburg,"Bahnhofstrasse 10, 5080 Laufenburg, Switzerland",47.5598448,8.0600679,Coop
Lenzburg,Migros-Supermarkt - Lenzburg,"Bachstrasse 15, 5600 Lenzburg, Switzerland",47.3872741,8.1769345,Migros
Muri,Migros-Supermarkt - Muri AG,"Kirchenfeldstrasse 8, 5630 Muri, Switzerland",47.2720122,8.3418444,Migros
Arbon,Migros-Supermarkt - Arbon,"St. Gallerstrasse 6, 9320 Arbon, Switzerland",47.5133149,9.4323561,Migros
Weinfelden,Migros-Supermarkt - Weinfelden Weststrasse,"Weststrasse 27, 8570 Weinfelden, Switzerland",47.567326699999995,9.094589899999999,Migros
Weinfelden,Migros-Supermarkt - Weinfelden - Rösslifelsen,"Amriswilerstrasse 12, 8570 Weinfelden, Switzerland",47.5676558,9.1108362,Migros
Frauenfeld,Migros-Supermarkt - Frauenfeld - Passage,"Bahnhofpl. 72, 8500 Frauenfeld, Switzerland",47.557233599999996,8.8962071,Migros
Frauenfeld,Einkaufszentrum Passage,"Bahnhofpl. 70-72, 8500 Frauenfeld, Switzerland",47.557185999999994,8.8964119,Migros
Frauenfeld,Migros MM Passage,"Bahnhofpl. 70, 8500 Frauenfeld, Switzerland",47.556962999999996,8.89588,Migros
Kreuzlingen,Migros-Supermarkt - Kreuzlingen - Seepark,"Bleichestrasse 15, 8280 Kreuzlingen, Switzerland",47.6422351,9.1957228,Migros
Kreuzlingen,Migros-Supermarkt - Kreuzlingen,"Hauptstrasse 63, 8280 Kreuzlingen, Switzerland",47.6478869,9.1754696,Migros
Kreuzlingen,Migros M Kreuzlingen,"Bleichestrasse 15, 8280 Kreuzlingen, Switzerland",47.641866799999995,9.1958848,Migros
Bellinzona,Migros,"Piazza Rinaldo Simen 8, 6500 Bellinzona, Switzerland",46.1936129,9.0242741,Migros
Bellinzona,Supermercato Migros - Bellinzona Nord,"Via S. Gottardo 124, 6500 Bellinzona, Switzerland",46.209614699999996,9.0390347,Migros
Blenio,Supermercato Migros - Faido,"Via Pian della Croce, 6760 Faido, Switzerland",46.4778814,8.8002652,Migros
Blenio,Supermercato Migros - Centro S.Antonino,"Via Serrai 5, 6592 Sant'Antonino, Switzerland",46.153914199999996,8.9617119,Migros
Blenio,Supermercato Migros - Riazzino,"Via Cantonale 40, 6595 Riazzino, Switzerland",46.175044299999996,8.8898862,Migros
Blenio,Supermercato Migros - Taverne,"Via S. Gottardo 11, 6807 Torricella-Taverne, Switzerland",46.0607177,8.9316362,Migros
Blenio,Supermercato Migros - Tenero,"Via al Giardino 4, 6598 Tenero-Contra, Switzerland",46.180653,8.850601,Migros
Blenio,Migros,"Via Corogna, 6532 Arbedo-Castione, Switzerland",46.2251337,9.0441477,Migros
Blenio,Supermercato Migros - Locarno - Solduno,"Via Alberto Franzoni 43, 6604 Locarno, Switzerland",46.1684791,8.7824146,Migros
Blenio,Migros,"Via Bellinzona 33, 6512 Giubiasco, Switzerland",46.178415199999996,9.0138786,Migros
Blenio,Supermercato Migros - Minusio - Centro Borenco,"Via S. Gottardo 56, 6648 Minusio, Switzerland",46.175275899999995,8.811112999999999,Migros
Leventina,Migros,"Via Pretorio 15, 6900 Lugano, Switzerland",46.007266699999995,8.9521917,Migros
Leventina,Supermercato Migros - Grancia,"Via Cantonale 28, 6916 Grancia, Switzerland",45.9706231,8.9262944,Migros
Leventina,Coop Supermercato Airolo,"Via S. Gottardo 41, 6780 Airolo, Switzerland",46.5284291,8.6106924,Coop
Lugano,Supermercato Migros - Paradiso,"Via Geretta, 6902 Lugano, Switzerland",45.9912388,8.9436231,Migros
Lugano,Supermercato Migros - Molino Nuovo,"Via Monte Boglia 5, 6900 Lugano, Switzerland",46.018140599999995,8.958645599999999,Migros
Lugano,Supermercato Migros - Pregassona,"Via Alla Bozzoreda 39, 6963 Lugano, Switzerland",46.0234978,8.9672138,Migros
Mendrisio,Supermercato Migros - Mendrisio,"Via Piazza alla Valle, Via Luigi Lavizzari 2, 6850 Mendrisio, Switzerland",45.8703931,8.9861489,Migros
Mendrisio,Supermercato Migros - Campagna Adorna,"Via Campagna Adorna 15, 6850 Mendrisio, Switzerland",45.8628727,8.972436799999999,Migros
Aigle,MIGROS,"Chem. sous le Grand Pré 4, 1860 Aigle, Switzerland",46.3174983,6.936018,Migros
Aigle,Supermarché Migros - Aigle gare,"Pl. de la Gare 5, 1860 Aigle, Switzerland",46.3157737,6.9649103,Migros
Morges,Supermarché Migros,"Rue de la Gare 19, 1110 Morges, Switzerland",46.5096825,6.4948198999999995,Migros
Morges,Supermarché Migros - Préverenges,"Chem. du Vuasset 2, 1028 Préverenges, Switzerland",46.5181628,6.5174739,Migros
Nyon,Migros,"Chem. de la Fontaine 1, 1260 Nyon, Switzerland",46.3880556,6.2208333,Migros
Nyon,Supermarché Migros - Nyon-La Combe,"Rue de la Morâche 6, 1260 Nyon, Switzerland",46.382578699999996,6.2344289999999996,Migros
Broye-Vully,migrolino,"Rte du Péage 31a, 1786 Bas-Vully, Switzerland",46.9666596,7.123862,Others
Broye-Vully,MIGROS,"Rue de l'Hôpital 12, 2000 Neuchâtel, Switzerland",46.991986999999995,6.929815,Migros
Broye-Vully,Supermarché Migros,"Av. des Portes-Rouges 46, 2000 Neuchâtel, Switzerland",47.0040459,6.9553646,Migros
Broye-Vully,Supermarché Migros - Les Cadolles,"Rue du Plan 32, 2000 Neuchâtel, Switzerland",46.998428,6.9245828000000005,Migros
Gros-de-Vaud,Migros Supermarché,"Chem. de Closalet 7, 1023 Crissier, Switzerland",46.5545654,6.5690292999999995,Migros
Gros-de-Vaud,Supermarché Migros - Cugy,"Rte de Bottens 1, 1053 Cugy, Switzerland",46.585412399999996,6.6398774000000005,Migros
Gros-de-Vaud,Supermarché Migros,"Rte de Praz Palud 2, 1040 Echallens, Switzerland",46.638967,6.6357975,Migros
Gros-de-Vaud,Supermarché Migros - Romanel-sur-Lausanne,"En Félezin, 1032 Romanel-sur-Lausanne, Switzerland",46.559422999999995,6.6117387999999995,Migros
Gros-de-Vaud,Supermarché Migros,"Rue des Chavannes 1, 1304 Cossonay, Switzerland",46.6138828,6.506867199999999,Migros
Gros-de-Vaud,Supermarché Migros - Yverdon Sud,"Rte de Lausanne 10, 1400 Yverdon-les-Bains, Switzerland",46.7665863,6.6504616,Migros
Gros-de-Vaud,Supermarché Migros - Lausanne - Métropole,"Rue des Terreaux 25, 1003 Lausanne, Switzerland",46.5224901,6.6275001,Migros
Gros-de-Vaud,Migros Partenaire - La Sarraz Unishop,"Chem. des Prés Morés 2, 1315 La Sarraz, Switzerland",46.6543844,6.5087383999999995,Migros
Gros-de-Vaud,Supermarché Migros,"Pl. Croix-Blanche 11, 1066 Epalinges, Switzerland",46.548480999999995,6.670927,Migros
Gros-de-Vaud,Supermarché Migros Partenaire,"Av. de Rhodanie 2, 1007 Lausanne, Switzerland",46.507923899999994,6.624861699999999,Migros
Gros-de-Vaud,Supermarché Migros,"Av. d'Echallens 63, 1004 Lausanne, Switzerland",46.5278499,6.6161805,Migros
Gros-de-Vaud,Supermarché Migros Partenaire,"Autoroute A1, Restoroute de Bavois, 1372 Bavois, Switzerland",46.6746968,6.5688157,Migros
Gros-de-Vaud,Supermarché Migros,"Chem. du Croset 7, 1024 Ecublens, Switzerland",46.534010099999996,6.56442,Migros
Gros-de-Vaud,Supermarché Migros - Renens Silo,"Av. du Silo 11, 1020 Renens, Switzerland",46.5329068,6.5864408999999995,Migros
Gros-de-Vaud,MIGROS,"Rue de la Gare 2, 1030 Bussigny, Switzerland",46.5475663,6.5532907,Migros
Gros-de-Vaud,Société coopérative Migros Vaud,"Chem. du Dévent, 1024 Ecublens, Switzerland",46.5358908,6.55865,Migros
Gros-de-Vaud,MIGROS,"Av. d'Ouchy 11, 1006 Lausanne, Switzerland",46.514727099999995,6.6327767,Migros
Gros-de-Vaud,Supermarché Migros,"Rte de Berne 1, 1010 Lausanne, Switzerland",46.532933799999995,6.6467845,Migros
Jura-Nord vaudois,Supermarché MIGROS,"Rue de Neuchâtel 3, 1400 Yverdon-les-Bains, Switzerland",46.781197,6.6353732,Migros
Jura-Nord vaudois,MIGROS,"En Chamard, 1442 Montagny-près-Yverdon, Switzerland",46.7881267,6.6211229,Migros
Jura-Nord vaudois,Supermarché Migros,"Grand-Rue 23, 1337 Vallorbe, Switzerland",46.7119013,6.3777699,Migros
Jura-Nord vaudois,Supermarché Migros,"Rue de l'Industrie 21, 1450 Sainte-Croix, Switzerland",46.8197222,6.502222199999999,Migros
Jura-Nord vaudois,Supermarché Migros - La Vallée,"Rue de la Gare 7, 1347 Le Chenit, Switzerland",46.6058333,6.230555600000001,Migros
Jura-Nord vaudois,Supermarché Migros - Orbe Gruvatiez,"Rte des Granges Saint-Martin 22, 1350 Orbe, Switzerland",46.7213302,6.5378294,Migros
Jura-Nord vaudois,Supermarché Migros,"Rue des Terreaux 22, 1350 Orbe, Switzerland",46.723836399999996,6.531313099999999,Migros
Jura-Nord vaudois,Supermarché Migros,"Grand-Rue 27, 2114 Kundendienst, Switzerland",46.9018813,6.5805979,Migros
Jura-Nord vaudois,migrolino,"En Chamard 16, 1442 Montagny-près-Yverdon, Switzerland",46.788346499999996,6.6205563,Others
Lausanne,Supermarché Migros - Lausanne - Flon Europe,"Pl. de l'Europe 8, 1003 Lausanne, Switzerland",46.5207492,6.6298189,Migros
Lausanne,MIGROS,"Av. de Sévelin 2, 1007 Lausanne, Switzerland",46.521600799999995,6.6161869,Migros
Lausanne,Supermarché Migros,"Av. de Cour 36, 1007 Lausanne, Switzerland",46.5155569,6.6177823,Migros
Lausanne,Supermarché Migros,"Av. de la Vallonnette 2, 1012 Lausanne, Switzerland",46.5272222,6.651666700000001,Migros
Lausanne,Supermarché Migros - Lausanne - Bergières,"Av. Bergières 50, 1004 Lausanne, Switzerland",46.531265999999995,6.6186739999999995,Migros
Lausanne,MIGROS,"Rue de la Borde 3B, 1018 Lausanne, Switzerland",46.527227599999996,6.6330705,Migros
Lausanne,Supermarché Migros - Blécherette,"Chem. des Bossons 52, 1018 Lausanne, Switzerland",46.5396537,6.6180806,Migros
Lausanne,Métropole Lausanne,"Rue des Terreaux 25, 1003 Lausanne, Switzerland",46.5224317,6.6274552,Others
Lausanne,Migros,"Av. Frédéric-César-de-la-Harpe 17, 1007 Lausanne, Switzerland",46.512339499999996,6.6259406,Migros
Lausanne,MIGROS,"Rte Aloys-Fauquez 97, 1018 Lausanne, Switzerland",46.5375994,6.633465300000001,Migros
Lausanne,Migros Partenaire - Maupas,"Rue du Maupas 69, 1004 Lausanne, Switzerland",46.5259813,6.623571999999999,Migros
Ouest lausannois,MIGROS,"Av. d'Epenex 4c, 1020 Renens, Switzerland",46.5376966,6.5773418,Migros
Ouest lausannois,MIGROS,"Rue de la Mèbre 9, 1020 Renens, Switzerland",46.538537299999994,6.5808829,Migros
Ouest lausannois,Supermarché Migros - Dorigny,"Rue Anne Cunéo 1, 1022 Chavannes-près-Renens, Switzerland",46.526316,6.584785200000001,Migros
Ouest lausannois,Supermarché Migros - Chavannes les Cèdres,"Av. de la Gare 84, 1022 Chavannes-près-Renens, Switzerland",46.53007710000001,6.5726299,Migros
Ouest lausannois,Supermarché Migros - Renens - Florissant,"Av. de Florissant 38, 1020 Renens, Switzerland",46.5307464,6.5981043999999995,Migros
Ouest lausannois,MIGROS,"Av. du Tir-Fédéral 12, 1022 Chavannes-près-Renens, Switzerland",46.5365241,6.576312799999999,Migros
Riviera-Pays-d'Enhaut,Migros Partenaire - Vionnaz,"Rte du Léman 33, 1895 Vionnaz, Switzerland",46.313592199999995,6.8985242,Migros
Riviera-Pays-d'Enhaut,migrolino,"Av. Claude-Nobs 6, 1820 Montreux, Switzerland",46.4394205,6.9053573,Others
Riviera-Pays-d'Enhaut,Coop Supermarché Montreux,"Rue de la Paix 4, 1820 Montreux, Switzerland",46.43166420000001,6.911435699999999,Coop
Brig,Migros-Supermarkt - Glis - Simplon,"Kantonsstrasse 58, 3902 Brig-Glis, Switzerland",46.3093943,7.969955499999999,Migros
Brig,Migros-Supermarkt - Brig,"Belalpstrasse 1, 3900 Brig-Glis, Switzerland",46.3187305,7.989590199999999,Migros
Conthey,MIGROS,"Rte des Rottes 15, 1964 Conthey, Switzerland",46.2235544,7.302275,Migros
Conthey,migros,"Rte d'Antzère 32, 1964 Conthey, Switzerland",46.2218388,7.301821,Migros
Entremont,Migros,"Les Arcades, 1936 Verbier, Switzerland",46.0968584,7.223688999999999,Migros
Entremont,Supermarché Migros - Collombey,"Chem. des Fossaux 2A, 1868 Collombey-Muraz, Switzerland",46.2655757,6.9565558,Migros
Goms,Migros-Supermarkt - Fiesch,"Furkastrasse 46, 3984 Fiesch, Switzerland",46.4040003,8.135566899999999,Migros
Hérens,MIGROS,"Rte du Rawyl 32, 3963 Crans-Montana, Switzerland",46.3093669,7.473028299999999,Migros
Hérens,Supermarché Migros - Haute-Nendaz,"và tiến, Rte des Ecluses 23, 1997 Nendaz, Switzerland",46.182230399999995,7.291944900000001,Migros
Hérens,Supermarché MIGROS,"Rte des Lacustres 2, 3960 Sierre, Switzerland",46.2815902,7.5139609,Migros
Hérens,Migros-Supermarkt - Leukerbad,"Thermenstrasse 32, 3954 Leukerbad, Switzerland",46.378947499999995,7.6263717,Migros
Hérens,Supermarché Migros - Sierre,"Av. du Général Guisan 30, 3960 Sierre, Switzerland",46.2921149,7.5290697,Migros
Hérens,Coop Supermarché Evolène,"Rte Neuve 103, 1983 Evolène, Switzerland",46.108429,7.501023099999999,Coop
Hérens,Migros Partenaire - Erde,"Scex-Riond / CP, Rte de Blanchette 1, 1976 Erde, Switzerland",46.2380838,7.2925107,Migros
Leuk,Migros-Partner - Leuk,"Hauptpl. 23, 3953 Leuk, Switzerland",46.317760199999995,7.6345669,Migros
Martigny,Supermarché Migros - Martigny - Manoir,"Rue du Manoir 1, 1920 Martigny, Switzerland",46.1013023,7.071951599999999,Migros
Martigny,Supermarché Migros - Martigny Quartz Center,"Av. de Fully 63, 1920 Martigny, Switzerland",46.1122702,7.0766325,Migros
Martigny,Supermarché Migros - Martigny Avouillons,"Rue des Avouillons 8, 1920 Martigny, Switzerland",46.1057121,7.085201,Migros
Martigny,Centre commercial Quartz Center,"Av. de Fully 63, 1920 Martigny, Switzerland",46.112261,7.076725,Migros
Martigny,Supermarché Migros - Fully,"Chem. de Provence 4, 1926 Fully, Switzerland",46.136649500000004,7.1190511999999995,Migros
Martigny,migrolino,"Av. de la Gare 53, 1920 Martigny, Switzerland",46.105807999999996,7.0789575000000005,Others
Monthey,MIGROS,"Av. de la Gare 36, 1870 Monthey, Switzerland",46.254065499999996,6.951918399999999,Migros
Raron,VOI Raron,"Brückenmoosstrasse 21, 3942 Raron, Switzerland",46.308622199999995,7.7956553999999985,Others
Saint-Maurice,Supermarché Migros - St-Maurice,"Av. du Simplon 15, 1890 Saint-Maurice, Switzerland",46.214373099999996,7.0055084999999995,Migros
Sion,Migros,"Av. de France 14-20, 1950 Sion, Switzerland",46.2286028,7.3560219,Migros
Sion,MIGROS,"Av. du Grand-Champsec 30, 1950 Sion, Switzerland",46.2312151,7.3843557,Migros
Sion,MIGROS,"Av. Ritz 31, 1950 Sion, Switzerland",46.235766299999995,7.3597975999999985,Migros
Sion,Tourbillon Center,"Av. du Grand-Champsec 30, 1950 Sion, Switzerland",46.23111840000001,7.3845673,Migros
Sion,migrolino,"Rue de Lausanne 100, 1950 Sion, Switzerland",46.229042299999996,7.345239599999999,Others
Visp,Migros-Supermarkt - Visp,"Brückenweg 10, 3930 Visp, Switzerland",46.2932292,7.8796761,Migros
Cant. de Genève,Supermarché Migros - Genève - Cornavin Gare,"Pl. de Cornavin 3, 1201 Genève, Switzerland",46.2099245,6.1424714,Migros
Cant. de Genève,Migros - Geneva - Plainpalais,"Rue de Carouge 64, 1205 Genève, Switzerland",46.1928795,6.1428031,Migros
Cant. de Genève,Supermarché Migros - Genève - Balexert,"Av. Louis-Casaï 27, 1209 Genève, Switzerland",46.218763599999996,6.113109100000001,Migros
Cant. de Genève,Supermarché Migros - Genève - Navigation,"Rue des Pâquis 41, 1201 Genève, Switzerland",46.2123628,6.149683,Migros
Cant. de Genève,Supermarché Migros - Genève - Rieu,"Rte de Florissant 86, 1206 Genève, Switzerland",46.1919326,6.1640811,Migros
Cant. de Genève,Supermarché Migros - Genève - Jonction,"Bd Carl-Vogt 6, 1205 Genève, Switzerland",46.20078900000001,6.130622,Migros
Cant. de Genève,Supermarché Migros - Genève - Eaux-Vives,"Rue des Eaux-Vives 17-19, 1207 Genève, Switzerland",46.203835399999996,6.157697199999999,Migros
Cant. de Genève,Migros Supermarket - Genève - Champel,"Av. de Champel 61, 1206 Genève, Switzerland",46.1907785,6.1524866,Migros
Cant. de Genève,Supermarché Migros - Genève - Charmilles,"Prom. de l'Europe 11, 1203 Genève, Switzerland",46.2084647,6.123090599999999,Migros
Cant. de Genève,Supermarché Migros - Genève - Tourelle,"Chem. de la Tourelle 2, 1209 Genève, Switzerland",46.22444480000001,6.126129,Migros
Cant. de Genève,Supermarché Migros - Servette,"Rue de la Servette 93, 1202 Genève, Switzerland",46.213288999999996,6.1300577,Migros
Cant. de Genève,Migros Airport Supermarket,"Rte de l'Aéroport 25, 1215 Genève 15 Aéroport, Switzerland",46.2325711,6.1123948,Migros
Cant. de Genève,Migros - Genève - Les Cygnes,"Rue de Lausanne 18-20, 1201 Genève, Switzerland",46.211255799999996,6.1446369999999995,Migros
Cant. de Genève,Supermarché Migros - Genève – Fusterie,"Pl. de la Fusterie 7, 1204 Genève, Switzerland",46.203928,6.146198999999999,Migros
Cant. de Genève,Supermarché Migros - Carouge - Acacias,"Rte des Acacias 18, 1227 Les Acacias, Switzerland",46.1916546,6.1369636,Migros
Cant. de Genève,Supermarché Migros - Chêne-Vert,"Pl. de la Gare 2, 1225 Chêne-Bourg, Switzerland",46.195969,6.1962188,Migros
Cant. de Genève,Supermarché Migros - Vernier - Arcenter,"Rte de Peney 2, 1214 Vernier, Switzerland",46.2168272,6.0832646,Migros
Cant. de Genève,Migros,"Pl. du Cirque 2, 1204 Genève, Switzerland",46.2010565,6.139764200000001,Migros
Cant. de Genève,Migros - Carouge - Vibert,"Av. Vibert 29, 1227 Carouge, Switzerland",46.182442300000005,6.1343879999999995,Migros
Cant. de Genève,Supermarché Migros - Pont-Rouge,"Esplanade de Pont-Rouge 2, 1212 Lancy, Switzerland",46.187089799999995,6.1269613,Migros
Affoltern,Coop Supermarkt Affoltern am Albis,"Büelstrasse 15, 8910 Affoltern am Albis, Switzerland",47.2738709,8.445676299999999,Coop
Affoltern,Coopark Affoltern am Albis,"Büelstrasse 15, 8910 Affoltern am Albis, Switzerland",47.2739899,8.446246,Coop
Affoltern,Coop Supermarkt Zürich Wehntalerstrasse,"Wehntalerstrasse 549, 8046 Zürich, Switzerland",47.418887,8.5055923,Coop
Affoltern,Coop Supermarkt Zürich Mühlackerstrasse,"Mühlackerstrasse 199, 8046 Zürich, Switzerland",47.4255113,8.4969846,Coop
Andelfingen,Coop Supermarkt Kleinandelfingen,"Schaffhauserstrasse 62, 8451 Kleinandelfingen, Switzerland",47.6030463,8.6884763,Coop
Bülach,Coop Supermarkt Bülach im Guss,"Schaffhauserstrasse 110, 8180 Bülach, Switzerland",47.5266515,8.536158,Coop
Bülach,Coop Supermarkt Bachenbülach,"Grabenstrasse 6, 8184 Bachenbülach, Switzerland",47.5058927,8.541820099999999,Coop
Dielsdorf,Coop Supermarkt Dielsdorf,"Niederhaslistrasse 5, 8157 Dielsdorf, Switzerland",47.484392,8.4655937,Coop
Hinwil,Coop Supermarkt Hinwil Center,"Wässeristrasse 38, 8340 Hinwil, Switzerland",47.3064281,8.8182944,Coop
Hinwil,Hinwil Center,"Wässeristrasse 36 - 40, 8340 Hinwil, Switzerland",47.3066995,8.817613699999999,Coop
Hinwil,Coop Supermarkt Hinwil Hiwi-Märt,"Gossauerstrasse 14, 8340 Hinwil, Switzerland",47.2992616,8.837553,Coop
Horgen,Coop Supermarkt Horgen Leue-Huus,"Zugerstrasse 35, 8810 Horgen, Switzerland",47.259214899999996,8.5987718,Coop
Horgen,Coop Supermarkt Horgen Waldegg,"Einsiedlerstrasse 301, 8810 Horgen, Switzerland",47.245447500000004,8.6079657,Coop
Horgen,Coop Pronto Shop Horgen am Bahnhof,"Bahnhofstrasse 8, 8810 Horgen, Switzerland",47.2610931,8.597208000000002,Coop
Meilen,Coop Supermarkt Meilen,"Dorfstrasse 140, 8706 Meilen, Switzerland",47.2686266,8.6465684,Coop
Pfäffikon,Coop Supermarkt Pfäffikon ZH,"Turmstrasse 8, 8330 Pfäffikon, Switzerland",47.369099399999996,8.781915999999999,Coop
Pfäffikon,Coop Supermarkt Pfäffikon SZ Etzelstrasse,"Etzelstrasse 14, 8808 Freienbach, Switzerland",47.200583400000006,8.778340199999999,Coop
Pfäffikon,Coop Supermarkt Pfäffikon SZ Seedamm,"Gwattstrasse 15, 8808 Freienbach, Switzerland",47.2006991,8.7941667,Coop
Pfäffikon,Coop Supermarkt Pfäffikon Bahnhof,"Bahnweg 2, 8808 Freienbach, Switzerland",47.2029596,8.7788214,Coop
Uster,Coop Supermarkt Uster Bahnhof,"Bankstrasse 6, 8610 Uster, Switzerland",47.3515966,8.7162278,Coop
Uster,Coop Supermarkt Uster Winterthurerstrasse,"Winterthurerstrasse 22, 8610 Uster, Switzerland",47.35503320000001,8.7128684,Coop
Uster,Coop Supermarkt Uster Niederuster,"Sonnenbergstrasse 8, 8610 Uster, Switzerland",47.345873999999995,8.7020372,Coop
Uster,Coop Supermarkt Uster Oberuster,"Aathalstrasse 40, 8610 Uster, Switzerland",47.345087799999995,8.7308,Coop
Winterthur,Coop Supermarkt Winterthur Stadttor,"Bahnhofpl. 5, 8400 Winterthur, Switzerland",47.4996644,8.723561,Coop
Winterthur,Coop City Winterthur,"Bahnhofpl. 3, 8400 Winterthur, Switzerland",47.499347199999995,8.723482599999999,Coop
Winterthur,Coop Supermarkt Winterthur Stadtgarten,"Bankstrasse 8, 8400 Winterthur, Switzerland",47.5006559,8.7258918,Coop
Winterthur,Coop Supermarkt Winterthur Feldstrasse,"Feldstrasse 11, 8400 Winterthur, Switzerland",47.508554100000005,8.717882399999999,Coop
Winterthur,Coop Supermarkt Winterthur Oberi,"Römertorstrasse 16, 8404 Winterthur, Switzerland",47.5091529,8.758660299999999,Coop
Winterthur,Coop Supermarkt Winterthur Wülflingen,"Wülflingerstrasse 271, 8408 Winterthur, Switzerland",47.51011,8.6917039,Coop
Winterthur,Coop Supermarkt Winterthur Seen,"Tösstalstrasse 236, 8405 Winterthur, Switzerland",47.4845913,8.758720499999999,Coop
Winterthur,Coop Supermarkt Winterthur Hegi,"Stäffelistrasse 7, 8409 Winterthur, Switzerland",47.5038982,8.7708385,Coop
Winterthur,Grüze Markt,"Rudolf-Diesel-Strasse 19, 8404 Winterthur, Switzerland",47.495483899999996,8.758721099999999,Coop
Winterthur,Coop Supermarkt City Winterthur Food,"Bahnhofpl. 3, 8400 Winterthur, Switzerland",47.499347199999995,8.723482599999999,Coop
Winterthur,Coop to go Winterthur Bahnhof,"Bahnhofpl. 9, 8400 Winterthur, Switzerland",47.5008303,8.7241369,Coop
Winterthur,Lokwerk,"Zürcherstrasse 51, 8406 Winterthur, Switzerland",47.494975000000004,8.713166000000001,Coop
Winterthur,Coop Supermarkt Winterthur Lokwerk,"Zürcherstrasse 51, 8406 Winterthur, Switzerland",47.494827,8.7127721,Coop
Dietikon,Coop Supermarkt Dietikon Florastrasse,"Florastrasse 22, 8953 Dietikon, Switzerland",47.403765199999995,8.4023827,Coop
Dietikon,Coop Supermarkt Dietikon Steinmürlistrasse,"Steinmürlistrasse 38, 8953 Dietikon, Switzerland",47.405709699999996,8.392097399999999,Coop
Dietikon,Coop Pronto Shop Dietikon am Bahnhof,"Bahnhofpl. 11, 8953 Dietikon, Switzerland",47.4061125,8.4040795,Coop
Dietikon,Coop Supermarkt Dietikon Brunau,"Birmensdorferstrasse 9, 8953 Dietikon, Switzerland",47.3981458,8.4178599,Coop
Zürich,Coop Supermarkt City Zürich St. Annahof Food,"Bahnhofstrasse 57, 8001 Zürich, Switzerland",47.372955,8.5378441,Coop
Zürich,Coop Supermarkt Zürich Wollishofen,"Alte Kalchbühlstrasse 15, 8038 Zürich, Switzerland",47.3401675,8.5305126,Coop
Zürich,Coop Supermarkt Zürich Eleven,"Sophie-Taeuber-Strasse 4, 8050 Zürich, Switzerland",47.413480299999996,8.5410152,Coop
Zürich,Coop Supermarkt,"Stadelhoferstrasse 10, 8001 Zürich, Switzerland",47.366789,8.5480012,Coop
Zürich,Coop Supermarkt Zürich Letzipark,"Baslerstrasse 50, 8066 Zürich, Switzerland",47.3859855,8.499333,Coop
Zürich,Coop City Zürich Bellevue,"Theaterstrasse 18, 8001 Zürich, Switzerland",47.367137299999996,8.545990699999999,Coop
Zürich,Coop Supermarkt Zürich Sihlcity Supermarkt,"Kalanderpl. 1, 8045 Zürich, Switzerland",47.3576232,8.5231751,Coop
Zürich,Coop Supermarkt Zürich Lochergut,"Badenerstrasse 244, 8004 Zürich, Switzerland",47.3757357,8.517332999999999,Coop
Zürich,Coop Supermarkt Zürich Stauffacher,"Badenerstrasse 15, 8004 Zürich, Switzerland",47.373495899999995,8.5306239,Coop
Zürich,Coop Supermarkt Zürich Wiedikon,"Birmensdorferstrasse 200, 8003 Zürich, Switzerland",47.370688,8.5160521,Coop
Zürich,Coop Supermarkt City Zürich Oerlikon Food,"Wallisellenstrasse 1, 8050 Zürich, Switzerland",47.4103731,8.546684299999999,Coop
Zürich,Coop Pronto Shop Zürich-Stettbach Bahnhof,"Dübendorfstrasse 447, 8051 Zürich, Switzerland",47.3972876,8.596333099999999,Coop
Zürich,Coop Supermarkt Zürich Talwiesenstrasse,"Birmensdorferstrasse 310, 8055 Zürich, Switzerland",47.3699656,8.509094,Coop
Zürich,Coop Supermarkt Zürich Westlink,"Vulkanpl., 8048 Zürich, Switzerland",47.3921018,8.4901313,Coop
Zürich,Coop Supermarkt Zürich Europaallee Passage,"Europaallee 5, 8004 Zürich, Switzerland",47.377835999999995,8.534764599999999,Coop
Zürich,Coop Supermarkt Zürich Friesenberg,"Friesenbergpl. 3, 8045 Zürich, Switzerland",47.3611712,8.5065159,Coop
Seeland,Coop Supermarkt Täuffelen,"Hauptstrasse 61, 2575 Täuffelen, Switzerland",47.0715345,7.2017256000000005,Coop
Bern-Mittelland,Coop Supermarkt Bern Bümpliz,"Brünnenstrasse 118, 3018 Bern, Switzerland",46.941467599999996,7.3915886,Coop
Bern-Mittelland,Coop Marktgasse,"Marktgasse 24, 3011 Bern, Switzerland",46.9480667,7.446038100000001,Coop
Bern-Mittelland,Coop Supermarkt Bern Wankdorf Center,"Papiermühlestrasse 85, 3014 Bern, Switzerland",46.963469800000006,7.4652366,Coop
Bern-Mittelland,Coop Supermarkt Bern Bahnhof,"Bahnhofpl. 10, 3011 Bern, Switzerland",46.9485767,7.4396753,Coop
Bern-Mittelland,Coop City Bern Ryfflihof,"Aarbergergasse 53, 3011 Bern, Switzerland",46.9496227,7.441739299999999,Coop
Bern-Mittelland,Coop Supermarkt Bern Europaplatz,"Europapl. 1, 3008 Bern, Switzerland",46.943672600000006,7.4059889,Coop
Bern-Mittelland,Coop Supermarkt Bern Breitenrain,"Stauffacherstrasse 2, 3014 Bern, Switzerland",46.9591583,7.4550707,Coop
Bern-Mittelland,Coop Supermarkt Bern Freudenberg,"Giacomettistrasse 15, 3006 Bern, Switzerland",46.9454405,7.4727649,Coop
Bern-Mittelland,Coop Supermarkt Bern Brunnmatt,"Brunnmattstrasse 20, 3007 Bern, Switzerland",46.945360400000006,7.426693500000001,Coop
Bern-Mittelland,Coop Supermarkt Bern Bethlehem,"Kasparstrasse 7, 3027 Bern, Switzerland",46.9507116,7.392172800000001,Coop
Bern-Mittelland,Coop Supermarkt Bern Marktgasse,"Marktgasse 24, 3011 Bern, Switzerland",46.9480667,7.446038100000001,Coop
Bern-Mittelland,Coop Supermarkt Bern Spitalgasse,"Spitalgasse 2, 3011 Bern, Switzerland",46.948393200000005,7.443368899999999,Coop
Bern-Mittelland,Coop Supermarkt Bern Egghölzli,"Weltpoststrasse 20, 3015 Bern, Switzerland",46.937673,7.476713599999999,Coop
Bern-Mittelland,Coop Supermarkt Bern Eigerplatz,"Eigerpl. 5A, 3007 Bern, Switzerland",46.9410978,7.4314747,Coop
Bern-Mittelland,Coop Supermarkt Bern Postparc,"Schanzenstrasse 4, 3008 Bern, Switzerland",46.9490455,7.4375772,Coop
Bern-Mittelland,Coop Supermarkt Bern Länggasse,"Länggassstrasse 35, 3012 Bern, Switzerland",46.953405499999995,7.4319418,Coop
Bern-Mittelland,Coop Supermarkt Bern Schönburg,"Viktoriastrasse 21, 3013 Bern, Switzerland",46.9534179,7.4584725,Coop
Bern-Mittelland,Coop Supermarkt Bern Schauplatzgasse,"Spitalgasse 37, 3011 Bern, Switzerland",46.947652,7.4416683,Coop
Bern-Mittelland,Coop Supermarkt Niederwangen,"Freiburgstrasse 553, 3172 Niederwangen BE, Switzerland",46.9254305,7.378168800000001,Coop
Bern-Mittelland,Coop Supermarkt Bern Gäbelbach,"Weiermattstrasse 40, 3027 Bern, Switzerland",46.9484438,7.3773494999999985,Coop
Oberaargau,Coop Supermarkt Langenthal Tell,"St. Urbanstrasse 3, 4900 Langenthal, Switzerland",47.2123418,7.7903379,Coop
Oberaargau,Coop Supermarkt Langenthal Bäregg,"Bäreggstrasse 10, 4900 Langenthal, Switzerland",47.220858199999995,7.781395999999999,Coop
Biel/Bienne,Coop Supermarkt Biel Bahnhof,"Salzhausstrasse 31, 2503 Biel, Switzerland",47.1304503,7.2430651,Coop
Biel/Bienne,Coop Supermarket Biel SBB,"1. Obergeschoss, Bahnhofpl. 4, 2502 Biel, Switzerland",47.133120399999996,7.242956100000001,Coop
Biel/Bienne,Coop City Biel - Bienne,"General-Dufour-Strasse 9, 2502 Biel, Switzerland",47.1396452,7.2467403,Coop
Biel/Bienne,Coop Supermarkt Biel Nidaugasse,"Nidaugasse 35, 2502 Biel, Switzerland",47.1385884,7.247182700000001,Coop
Biel/Bienne,Coop Supermarkt Biel Boujean,"Zürichstrasse 24C, 2504 Biel, Switzerland",47.1616552,7.294310800000001,Coop
Biel/Bienne,Coop Pronto Shop Biel Bahnhof,"Bahnhofpl. 4, 2502 Biel, Switzerland",47.132981,7.242967899999999,Coop
Biel/Bienne,Coop Supermarkt Biel Moserstrasse,"Alexander-Moser-Strasse 81, 2503 Biel, Switzerland",47.126719,7.255508600000001,Coop
Biel/Bienne,Coop Supermarkt Biel Mett,"Mettstrasse 139, 2504 Biel, Switzerland",47.1434156,7.272516299999999,Coop
Biel/Bienne,Centre bahnhof biel-bienne,"Salzhausstrasse 31, 2503 Biel, Switzerland",47.130984999999995,7.242321,Coop
Biel/Bienne,Coop Supermarkt Biel Bözingen,"Eisfeldstrasse 27, 2504 Biel, Switzerland",47.1547944,7.2761499,Coop
Biel/Bienne,Coop Pronto Shop Biel Bahnhofspassage,"Robert-Walser-Platz 1, 2503 Biel, Switzerland",47.1320568,7.242546700000001,Coop
Emmental,Coop Supermarkt Langnau Ilfiscenter,"Sägestrasse 37, 3550 Langnau im Emmental, Switzerland",46.940555,7.777832799999999,Coop
Emmental,Coop Supermarkt Burgdorf Schützenmatte,"Sägegasse 14, 3400 Burgdorf, Switzerland",47.0569992,7.629212300000001,Coop
Emmental,Coop Supermarkt Hasle Rüegsau,"Rüegsaustrasse 26, 3415 Rüegsau, Switzerland",47.018016800000005,7.6603633,Coop
Emmental,Coop Supermarkt Sumiswald,"Dorfgasse 2A, 3454 Sumiswald, Switzerland",47.0295365,7.7443724000000005,Coop
Emmental,Coop Supermarkt Burgdorf Bahnhof,"Bahnhofstrasse 44, 3400 Burgdorf, Switzerland",47.060594599999995,7.622206399999999,Coop
Emmental,Coop Supermarkt Burgdorf Stadt,"Bahnhofstrasse 7, 3400 Burgdorf, Switzerland",47.05906290000001,7.622882799999999,Coop
Emmental,Coop Supermarkt Lützelflüh,"Dorfstrasse 29, 3432 Lützelflüh, Switzerland",47.005297999999996,7.6844306,Coop
Emmental,Coop Supermarkt Worb,"Bärenpl. 4, 3076 Worb, Switzerland",46.928939799999995,7.5616559,Coop
Emmental,Coop Supermarkt Biberist,"Hauptstrasse 44, 4562 Biberist, Switzerland",47.1817893,7.563162299999998,Coop
Emmental,Coop Supermarkt Huttwil,"Bahnhofstrasse 43, 4950 Huttwil, Switzerland",47.1141651,7.8423368999999985,Coop
Emmental,Coop,"Sandstrasse 8, 3322 Urtenen-Schönbühl, Switzerland",47.0184974,7.5006232,Coop
Emmental,Coop Supermarkt Kirchberg,"Zürichstrasse 3, 3422 Kirchberg, Switzerland",47.087665799999996,7.584002700000001,Coop
Emmental,Coop Supermarkt Oberburg,"Progressastrasse 33, 3414 Oberburg bei Burgdorf, Switzerland",47.0365129,7.630132100000001,Coop
Emmental,Coop Supermarkt Signau,"Dorfstrasse 21, 3534 Signau, Switzerland",46.9225699,7.7287355999999985,Coop
Jura bernois,Coop Supermarché Bassecourt,"Rue de l'Abbé-Monnin 81, 2854 Bassecourt, Switzerland",47.3389461,7.252449400000001,Coop
Jura bernois,Coop Supermarché Saignelégier,"Rue des Rangiers 4, 2350 Saignelégier, Switzerland",47.256976599999994,6.9997777999999995,Coop
Jura bernois,Coop Supermarché,"Rue du 23 Juin 76, 2822 Courroux, Switzerland",47.3600826,7.382739000000001,Coop
Jura bernois,Coop Supermarché Tramelan,"Rue Haute 11, 2720 Tramelan, Switzerland",47.223566299999995,7.0990283,Coop
Jura bernois,Coop Supermarché Coop Delémont Ticle,"Rte de Bâle 16, 2800 Delémont, Switzerland",47.366434299999995,7.3472377,Coop
Jura bernois,Coop Supermarché Sonceboz,"Rue de la Gare 7, 2605 Sonceboz-Sombeval, Switzerland",47.1950717,7.178019299999999,Coop
Jura bernois,Coop Supermarché Reconvilier,"Rue du Bruye 50, 2732 Reconvilier, Switzerland",47.230727699999996,7.212424099999999,Coop
Jura bernois,Coop Supermarché Saint-Imier,"Pl. du Seize-Mars 1, 2610 Saint-Imier, Switzerland",47.1535141,6.999858100000001,Coop
Jura bernois,Coop Supermarché Les Breuleux,"Rue de la Gare 24, 2345 Les Breuleux, Switzerland",47.2096184,6.999917600000001,Coop
Jura bernois,Coop Supermarché Boncourt,"Rue de la Nods 1C, 2926 Boncourt, Switzerland",47.4952232,7.0148097,Coop
Jura bernois,Coop Supermarché Saint-Ursanne,"Rue du 23-Juin 11, 2882 Saint-Ursanne, Switzerland",47.36545110000001,7.1551089999999995,Coop
Jura bernois,Coop Supermarché Noirmont,"Rue de la Rauracie 21, 2340 Le Noirmont, Switzerland",47.223441,6.956062299999999,Coop
Jura bernois,Coop Supermarkt Grenchen Zentrum,"Solothurnstrasse 20, 2540 Grenchen, Switzerland",47.1921853,7.3974603000000005,Coop
Jura bernois,Coop Supermarché Bévilard-Malleray,"Rue Principale 3, 2735 Bévilard, Switzerland",47.2379137,7.278099600000001,Coop
Frutigen-Niedersimmental,Coop Supermarkt Frutigen,"Bälliz 2, 3714 Frutigen, Switzerland",46.587429,7.6469834,Coop
Interlaken-Oberhasli,Coop Supermarkt Interlaken Ost,"Untere Bönigstrasse 10, 3800 Interlaken, Switzerland",46.6895854,7.869349799999999,Coop
Interlaken-Oberhasli,Coop,"Marktgasse 1, 3800 Interlaken, Switzerland",46.6850053,7.8539307,Coop
Interlaken-Oberhasli,Coop Supermarkt Interlaken Bahnhof,"Untere Bönigstrasse 5, 3800 Interlaken, Switzerland",46.6904575,7.869388099999998,Coop
Interlaken-Oberhasli,Coop Pronto Shop Interlaken Zentrum,"Höheweg 26, 3800 Interlaken, Switzerland",46.6853287,7.855930099999999,Coop
Interlaken-Oberhasli,Coop Supermarkt Matten,"Metzgergasse 15, 3800 Matten bei Interlaken, Switzerland",46.680683099999996,7.8664954,Coop
Interlaken-Oberhasli,Coop Supermarkt Unterseen,"Bahnhofstrasse 35, 3800 Unterseen, Switzerland",46.6847752,7.849895200000001,Coop
Interlaken-Oberhasli,Coop Supermarkt Brienz,"Hauptstrasse 139, 3855 Brienz, Switzerland",46.754801900000004,8.03749,Coop
Interlaken-Oberhasli,Coop Supermarkt Meiringen,"Alpwegern 2, 3860 Meiringen, Switzerland",46.7285189,8.1817729,Coop
Interlaken-Oberhasli,Coop Supermarkt Grindelwald,"Dorfstrasse 101, 3818 Grindelwald, Switzerland",46.6242355,8.0352786,Coop
Interlaken-Oberhasli,Coop Supermarkt Lauterbrunnen,"Bei den, Zuben 473A, 3822 Lauterbrunnen, Switzerland",46.5986433,7.907491799999999,Coop
Interlaken-Oberhasli,Coop Supermarkt Sigriswil,"Dorfstrasse 19, 3655 Sigriswil, Switzerland",46.717919099999996,7.714074699999999,Coop
Interlaken-Oberhasli,Coop Supermarkt Mürren,"Borthalten 1032, 3825 Mürren, Switzerland",46.559588399999996,7.893684,Coop
Thun,Coop Supermarkt Thun Strättligen Markt,"Schulstrasse 32, 3604 Thun, Switzerland",46.7402445,7.621928400000001,Coop
Thun,Coop Supermarkt Thun Bahnhof,"Seestrasse 2, 3600 Thun, Switzerland",46.754627500000005,7.630155200000001,Coop
Thun,Coop Supermarkt Thun Bälliz,"Bälliz 67, 3600 Thun, Switzerland",46.7573861,7.6298487999999995,Coop
Thun,Coop City Thun Kyburg,"Schwäbisgasse 1, 3600 Thun, Switzerland",46.7605369,7.6270565999999995,Coop
Thun,Coop Supermarkt Thun Rexmax,"Gewerbestrasse 6, 3600 Thun, Switzerland",46.7594604,7.624326099999999,Coop
Thun,Coop Supermarkt Thun Schönau,"Schönaustrasse 18, 3600 Thun, Switzerland",46.753470899999996,7.615188299999999,Coop
Thun,Coop Supermarkt Thun Frutigenstrasse,"Frutigenstrasse 50, 3604 Thun, Switzerland",46.746401299999995,7.626322999999998,Coop
Thun,Coop Supermarkt Heimberg Center,"Blümlisalpstrasse 61, 3627 Heimberg, Switzerland",46.779795199999995,7.6091348000000005,Coop
Thun,Coop Pronto Shop Thun am Bahnhof,"Panoramastrasse 1, 3600 Thun, Switzerland",46.7550556,7.6305987,Coop
Thun,Coop Supermarkt Thun Lerchenfeld,"Lerchenfeldstrasse 45, 3603 Thun, Switzerland",46.764585499999995,7.6006241999999995,Coop
Thun,Coop Supermarkt Uetendorf,"Dorfstrasse 11, 3661 Uetendorf, Switzerland",46.7744754,7.572234600000001,Coop
Thun,Coop Supermarkt Heimberg Aarestrasse,"Aarestrasse 1, 3627 Heimberg, Switzerland",46.7834977,7.608887999999999,Coop
Thun,Coop Supermarkt Allmendingen,"Allmendingenstrasse 22, 3608 Thun, Switzerland",46.743516,7.5950573,Coop
Obersimmental-Saanen,Coop Supermarkt Gstaad,"Untergstaadstrasse 20, 3780 Gstaad, Switzerland",46.4764888,7.283519899999999,Coop
Entlebuch,Coop Supermarkt Entlebuch,"Marktpl. 1, 6162 Entlebuch, Switzerland",46.992159799999996,8.0652262,Coop
Hochdorf,Coop Supermarkt Hochdorf,"Bellevuestrasse 6, 6280 Hochdorf, Switzerland",47.1689547,8.2886334,Coop
Luzern-Land,Coop Supermarkt Luzern Bahnhof,"Zentralstrasse 1, 6003 Luzern, Switzerland",47.050258299999996,8.310981199999999,Coop
Luzern-Land,Coop City Luzern,"Rössligasse 18, 6004 Luzern, Switzerland",47.0521558,8.3039246,Coop
Luzern-Land,Coop Supermarkt Luzern Löwencenter,"Zürichstrasse 9, 6004 Luzern, Switzerland",47.0569359,8.3100434,Coop
Luzern-Land,Coop Supermarkt Luzern Kasernenplatz,"Bruchstrasse 9, 6003 Luzern, Switzerland",47.0510902,8.2999677,Coop
Luzern-Land,Coop Supermarkt Luzern Winkelried,"Winkelriedstrasse 56, 6000 Luzern, Switzerland",47.046475199999996,8.3069624,Coop
Luzern-Land,Coop Supermarkt City Luzern,"Rössligasse 18, 6004 Luzern, Switzerland",47.0522169,8.3039051,Coop
Luzern-Land,Coop Supermarkt Kriens Pilatusmarkt,"Ringstrasse 19, 6010 Kriens, Switzerland",47.0174569,8.2996065,Coop
Luzern-Land,Coop Supermarkt Luzern Schlossberg,"Maihofstrasse 1, 6004 Luzern, Switzerland",47.0614381,8.3082286,Coop
Luzern-Land,Coop Supermarkt Luzern Schönbühl,"Langensandstrasse 23, 6005 Luzern, Switzerland",47.037293299999995,8.3283896,Coop
Luzern-Land,Löwencenter Luzern,"Zürichstrasse 5, 6004 Luzern, Switzerland",47.0565455,8.310054599999999,Coop
Luzern-Land,Coop Supermarkt Luzern Tribschen,"Tribschenstrasse 58, 6005 Luzern, Switzerland",47.0427658,8.3155057,Coop
Luzern-Land,Coop Supermarkt Luzern Littau Gasshof,"Luzernerstrasse 145, 6014 Luzern, Switzerland",47.0488048,8.2613428,Coop
Luzern-Land,Coop Supermarkt Luzern Hubelmatt,"Breitenlachenstrasse 20, 6005 Luzern, Switzerland",47.0373503,8.3085678,Coop
Luzern-Land,Coop Supermarkt Hirschmatt Luzern,"Hirschmattstrasse 15, 6003 Luzern, Switzerland",47.0485562,8.3066786,Coop
Luzern-Land,Coop Supermarkt Luzern Rösslimatt,"Bürgenstrasse 4, 6005 Luzern, Switzerland",47.046609200000006,8.3133226,Coop
Luzern-Land,Coop Supermarkt Emmen,"Fichtenstrasse 1, 6020 Emmen, Switzerland",47.0732813,8.290564,Coop
Luzern-Land,Coop Supermarkt Adligenswil,"Im Zentrum 3, 6043 Adligenswil, Switzerland",47.071661999999996,8.3648448,Coop
Luzern-Land,Coop Supermarkt Rotkreuz,"Luzernerstrasse 8, 6343 Risch-Rotkreuz, Switzerland",47.1407057,8.4269676,Coop
Luzern-Land,Coop City Kriens Pilatusmarkt,"Ringstrasse 19, 6010 Kriens, Switzerland",47.0174569,8.2996065,Coop
Luzern-Land,Coop Supermarkt Ebikon,"Hofmatt, 6030 Ebikon, Switzerland",47.082857399999995,8.343443299999999,Coop
Luzern-Stadt,Migros-Supermarkt - Luzern - Schweizerhof,"Hertensteinstrasse 9, 6004 Luzern, Switzerland",47.054745,8.3096768,Migros
Luzern-Stadt,Coop Supermarkt Kriens Schappe,"Hobacherweg 2, 6010 Kriens, Switzerland",47.034318,8.274046499999999,Coop
Luzern-Stadt,Coop Supermarkt Emmenbrücke Sprengi,"Erlenstrasse 4, 6020 Emmen, Switzerland",47.0809767,8.2713117,Coop
Sursee,Coop Supermarkt Sursee Surseepark,"Bahnhofstrasse 26, 6210 Sursee, Switzerland",47.1733075,8.1033564,Coop
Willisau,Coop Supermarkt Willisau,"Ettiswilerstrasse 37, 6130 Willisau, Switzerland",47.1275358,7.9970177,Coop
Kt. Uri,Coop Supermarkt Altdorf,"Hellgasse 3, 6460 Altdorf, Switzerland",46.881008,8.6457131,Coop
Kt. Uri,Coop Supermarkt Schattdorf Tellpark,"Militärstrasse 9A, 6467 Schattdorf, Switzerland",46.8552348,8.645036,Coop
Kt. Uri,Coop Supermarkt Schattdorf,"Dorfstrasse 5, 6467 Schattdorf, Switzerland",46.8655174,8.6547844,Coop
Kt. Uri,Coop Supermarkt Erstfeld,"Vordere Hofstatt 4, 6472 Erstfeld, Switzerland",46.8243562,8.64903,Coop
Kt. Uri,Coop Pronto Shop Altdorf Bahnhof,"Bahnhofpl. 2, 6460 Altdorf, Switzerland",46.876444,8.6313769,Coop
Kt. Uri,Coop Supermarkt Andermatt,"Gotthardstrasse 30, 6490 Andermatt, Switzerland",46.634510899999995,8.596472200000001,Coop
Kt. Uri,Coop Supermarkt Seewen-Markt,"Steinbislin 7, 6423 Schwyz, Switzerland",47.032829299999996,8.627658799999999,Coop
Kt. Uri,Coop Supermarkt Schwyz,"Oberer Steisteg 2, 6430 Schwyz, Switzerland",47.020215199999996,8.6516214,Coop
Kt. Uri,Coop Supermarkt Brunnen,"Bahnhofstrasse 36, 6440 Ingenbohl, Switzerland",46.9966091,8.607412499999999,Coop
Kt. Uri,Coop Supermercato Airolo,"Via S. Gottardo 41, 6780 Airolo, Switzerland",46.5284291,8.6106924,Coop
Kt. Uri,Coop Supermarkt Buochs,"Nähseydi 6, 6374 Buochs, Switzerland",46.979183299999995,8.416130299999999,Coop
Kt. Uri,Shoppingcenter Tellpark,"Militärstrasse 9A, 6467 Schattdorf, Switzerland",46.8550593,8.6452406,Others
Kt. Uri,Coop Supermarkt Sedrun,"Via Alpsu 70, 7188 Tujetsch, Switzerland",46.6788818,8.7710498,Coop
Kt. Uri,Coop Supermarkt Göschenen,"Breite, 6487 Göschenen, Switzerland",46.6688632,8.587186299999999,Coop
Einsiedeln,Coop Supermarkt Einsiedeln Wissmüli Markt K.,"Zürichstrasse 44, 8840 Einsiedeln, Switzerland",47.132650999999996,8.7447007,Coop
Einsiedeln,Coop Supermarkt Einsiedeln,"Schwanenstrasse 2, 8840 Einsiedeln, Switzerland",47.126900199999994,8.7458177,Coop
Gersau,Volg,"Bachstrasse 4, 6442 Gersau, Switzerland",46.9914519,8.525141,Volg
Gersau,Coop Supermarkt Goldau,"Centralstrasse 5, 6410 Arth, Switzerland",47.0504373,8.5503543,Coop
Gersau,Coop Supermarkt Goldau Bahnhof,"Bahnhofstrasse 1, 6410 Goldau, Switzerland",47.0491168,8.5492224,Coop
Gersau,Coop Supermarkt Weggis,"Luzernerstrasse 38, 6353 Weggis, Switzerland",47.0335798,8.4266366,Coop
Gersau,Coop Supermarkt Küssnacht am Rigi,"Bahnhofstrasse 14, 6403 Küssnacht, Switzerland",47.0824989,8.4397688,Coop
Gersau,Coop Supermarkt Stansstad,"Schützenmatte, 6362 Stansstad, Switzerland",46.9756216,8.3415658,Coop
Gersau,Coop Supermarkt Stans,"Buochserstrasse 4, 6370 Stans, Switzerland",46.9581853,8.3682421,Coop
Gersau,Coop Supermarkt Hergiswil Landweg,"Landweg 2, 6052 Hergiswil, Switzerland",46.985962,8.311436,Coop
Gersau,Coop Supermarkt Alpnach,"Schoriederstrasse 1, 6055 Alpnach, Switzerland",46.937692999999996,8.2697328,Coop
Gersau,Coop Supermarkt Unterägeri Chilematt,"Waldheimstrasse 2, 6314 Unterägeri, Switzerland",47.13778610000001,8.5813355,Coop
Gersau,Coop Supermarkt Hergiswil Bahnhofstrasse,"Bahnhofstrasse 2, 6052 Hergiswil, Switzerland",46.9817416,8.3103879,Coop
Kt. Obwalden,Coop Supermarkt Sarnen,"Marktstrasse 32, 6060 Sarnen, Switzerland",46.8974718,8.251081899999999,Coop
Kt. Obwalden,Coop Supermarkt Kerns,"Dorfstrasse 12, 6064 Kerns, Switzerland",46.901212099999995,8.2757968,Coop
Kt. Obwalden,Coop,"Titliszentrum 5, 6390 Engelberg, Switzerland",46.820588,8.4047017,Coop
Kt. Obwalden,Dorfladen Reuti,"Dorfladen, Unter d. Syten 488A, 6086 Hasliberg, Switzerland",46.7320206,8.2113598,Others
Kt. Obwalden,Coop Supermarkt Churwalden,"Wiherwäg 9, 7075 Churwalden, Switzerland",46.7792251,9.5441638,Coop
Kt. Nidwalden,Coop Supermarkt Horw,"Kantonsstrasse 100, 6048 Horw, Switzerland",47.0194799,8.3110138,Coop
Kt. Glarus,Coop Supermarkt Glarus,"Burgstrasse 6, 8750 Glarus, Switzerland",47.0401192,9.0696079,Coop
Kt. Glarus,Coop Supermarkt Schwanden,"Hauptstrasse 42, 8762 Glarus Süd, Switzerland",46.9949935,9.075291499999999,Coop
Kt. Glarus,Coop Supermarkt Netstal Wiggispark,"Molliserstrasse 41, 8754 Netstal, Switzerland",47.0678935,9.0586269,Coop
Kt. Zug,Coop Supermarkt Zug Neustadt,"Baarerstrasse 6, 6300 Zug, Switzerland",47.1709556,8.5164337,Coop
Kt. Zug,Coop City Zug,"Bundespl. 11, 6300 Zug, Switzerland",47.171420999999995,8.5148115,Coop
Kt. Zug,Coop Supermarkt Zug Bahnhof,"Bahnhof SBB, 6300 Zug, Switzerland",47.173406799999995,8.5155047,Coop
Kt. Zug,Coop Center Neustadt-Passage,"Baarerstrasse 4, 6300 Zug, Switzerland",47.1708717,8.516426,Coop
Kt. Zug,Coop Karma Zug Bahnhof,"Bahnhofplatz, 6300 Zug, Switzerland",47.1736681,8.5153356,Coop
Kt. Zug,Coop Supermarkt Baar Gotthard,"Poststrasse 3, 6340 Baar, Switzerland",47.195112099999996,8.5238544,Coop
Kt. Zug,Coop Supermarkt Baar Oberdorf,"Oberdorfstrasse 6A, 6340 Baar, Switzerland",47.195605099999995,8.529992,Coop
Kt. Zug,Coop Supermarkt Cham Seehof,"Zugerstrasse 14, 6330 Cham, Switzerland",47.181461899999995,8.4615517,Coop
Kt. Zug,Coop Supermarkt Steinhausen,"Bahnhofstrasse 7, 6312 Steinhausen, Switzerland",47.196404,8.4826204,Coop
Kt. Zug,Coop Restaurant Zug City,"Bundespl. 11, 6300 Zug, Switzerland",47.1712913,8.5149822,Coop
Kt. Zug,Coop Supermarkt Hünenberg,"Eichengasse 1A, 6331 Hünenberg, Switzerland",47.1754888,8.4262897,Coop
La Broye,Coop Supermarché Payerne,"Pl. Général-Guisan 7, 1530 Payerne, Switzerland",46.822211900000006,6.9421313,Coop
La Broye,Coop Supermarché Avenches Milavy,"En Milavy, 1580 Avenches, Switzerland",46.8779304,7.0316681,Coop
La Broye,Coop Supermarché Estavayer-Le-Lac,"Av. de la Gare 115, 1470 Estavayer, Switzerland",46.845955100000005,6.8431912,Coop
La Broye,Coop Supermarché Matran,"Rte du Bois 7, 1753 Matran, Switzerland",46.7798083,7.0885945999999995,Coop
La Broye,Coop Supermarché Villars-sur-Glâne,"Rte de Moncor 1, 1752 Villars-sur-Glâne, Switzerland",46.7978814,7.1271157999999994,Coop
La Broye,Coop Supermarché Saint-Aubin,"Rue du Senet 10, 2024 Saint-Aubin-Sauges, Switzerland",46.8956765,6.775649199999999,Coop
La Broye,Coop Supermarché Granges-Marnand,"Chem. des Echelles, 1523 Valbroye, Switzerland",46.7618746,6.8904827,Coop
La Broye,Coop Supermarché Bevaix,"Chem. de Closel 8, 2022 Bevaix, Switzerland",46.9286883,6.8123290999999995,Coop
La Broye,Coop Supermarché Yvonand,"Grand'Rue 16, 1462 Yvonand, Switzerland",46.799855,6.745491100000001,Coop
La Broye,Coop Supermarché Colombier,"Rte de Sombacour 21A, 2013 Milvignes, Switzerland",46.9655348,6.854338,Coop
La Broye,Centre commercial Fribourg Sud,"Centre Commercial Fribourg-Sud, Rte de Moncor 1, 1752 Villars-sur-Glâne, Switzerland",46.7984363,7.1246488999999995,Coop
La Broye,Coop Supermarché Lucens,"Pl. de la Couronne 1, 1522 Lucens, Switzerland",46.707708100000005,6.839074999999999,Coop
La Broye,Coop Supermarché Granges-Paccot,"Rte d'Agy 1, 1763 Granges-Paccot, Switzerland",46.8206221,7.1534422,Coop
La Broye,Coop Supermarché Boudry,"Rue Oscar-Huguenin 4, 2017 Boudry, Switzerland",46.9498952,6.8376597,Coop
La Broye,Coop Supermarché Moudon,"Av. de Cerjat 2A, 1510 Moudon, Switzerland",46.668453500000005,6.8004913,Coop
La Broye,Coop Supermarché Fribourg Jura,"Rte Champ-des-Fontaines 2, 1700 Fribourg, Switzerland",46.8094523,7.144176400000001,Coop
La Broye,Coop Supermarché Neuchâtel Maladière,"Rue de la Pierre-à-Mazel 10, 2000 Neuchâtel, Switzerland",46.995153699999996,6.9439315,Coop
La Broye,Coop Supermarché Treyvaux,"Rte d'Arconciel 3, 1733 Treyvaux, Switzerland",46.727159199999996,7.136673,Coop
La Broye,Coop Pronto avec station-service Payerne,"Rte de Bussy 22, 1530 Payerne, Switzerland",46.825603799999996,6.9244794999999995,Coop
La Broye,Coop Pronto avec station-service Avenches,"En Milavy, 1580 Avenches, Switzerland",46.876568299999995,7.0326151,Coop
La Gruyère,Coop Supermarché Bulle Le Caro,"Rte de Riaz 50, 1630 Bulle, Switzerland",46.6251019,7.059971399999999,Coop
La Gruyère,Coop Supermarché Charmey,"Le Plan, 1637 Val-de-Charmey, Switzerland",46.6198103,7.160526099999999,Coop
La Gruyère,Coop Supermarché La Roche,"Route de Fribourg 20, 1634 La Roche, Switzerland",46.6977879,7.1398858999999995,Coop
La Gruyère,Coop Supermarché Vuadens,"Rte Principale 189, 1628 Vuadens, Switzerland",46.6179682,7.0215585,Coop
La Gruyère,Coop Supermarché Broc,"Rue de Montsalvens 17, 1636 Broc, Switzerland",46.6028796,7.101958,Coop
La Gruyère,Coop Supermarché La Tour-de-Trême,"Rue Porte-d'en-Bas 6, 1635 Bulle, Switzerland",46.6056222,7.069644299999999,Coop
La Gruyère,Coop Supermarché Bulle Ville,"Grand-Rue 35, 1630 Bulle, Switzerland",46.6193514,7.0573362,Coop
La Gruyère,Coop Supermarkt Plaffeien,"Obere Matte 10, 1716 Plaffeien, Switzerland",46.740021399999996,7.290143800000001,Coop
La Gruyère,Coop Supermarché Romont,"Rte de la Belle-Croix 18, 1680 Romont, Switzerland",46.6926937,6.914113899999999,Coop
La Gruyère,Coop Supermarché Rennaz,"Pré-de-la-Croix 18, 1847 Rennaz, Switzerland",46.3842152,6.9246386,Coop
La Gruyère,Coop Supermarché Crissier,"Chem. de Saugy 1, 1023 Crissier, Switzerland",46.5452118,6.5697679,Coop
La Gruyère,Coop Supermarché Château-d'Oex,"Rte de la Gare 4, 1660 Château-d’Œx, Switzerland",46.4739674,7.1332773,Coop
La Gruyère,Coop Supermarché Châtel Saint Denis,"Chem. des Chardonnerets 14, 1618 Châtel-Saint-Denis, Switzerland",46.5227274,6.8982901000000005,Coop
La Gruyère,Coop Supermarché Montreux,"Rue de la Paix 4, 1820 Montreux, Switzerland",46.43166420000001,6.911435699999999,Coop
La Gruyère,Coop Pronto avec station-service Bulle Rue de Battentin,"Rue de Battentin 1, 1630 Bulle, Switzerland",46.6332819,7.0488064999999995,Coop
La Sarine,Coop Supermarché Fribourg Gare,"Rue Louis-d'Affry 4, 1700 Fribourg, Switzerland",46.8036831,7.1505047,Coop
La Sarine,Coop Supermarché Fribourg Schönberg,"Rte Mon-Repos 5, 1700 Fribourg, Switzerland",46.808867199999995,7.173485299999999,Coop
La Sarine,Coop City Fribourg,"Av. de la Gare 10, 1700 Fribourg, Switzerland",46.802947499999995,7.151878699999999,Coop
La Sarine,Coop Supermarché Marly,"Rte de Fribourg 15, 1723 Marly, Switzerland",46.7800915,7.150184299999999,Coop
See / Lac,Coop Supermarkt Murten Stedtli,"Bubenbergstrasse 1, 3280 Murten, Switzerland",46.9268898,7.1150523,Coop
Sense,Coop Supermarkt Ins,"Gampelengasse 1, 3232 Ins, Switzerland",47.005497899999995,7.1034044,Coop
La Veveyse,Coop Supermarché Vevey,"Rue du Simplon 28, 1800 Vevey, Switzerland",46.4603646,6.8450394,Coop
La Veveyse,Coop Supermarché St-Légier,"Rte des Deux-Villages 46, 1806 Blonay - Saint-Légier, Switzerland",46.4710952,6.8799456999999995,Coop
La Veveyse,Coop Supermarché La Tour-de-Peilz,"Pl. des Anciens-Fossés 6, 1814 La Tour-de-Peilz, Switzerland",46.453129499999996,6.8575227,Coop
La Veveyse,Coop Pronto Vevey Gare,"Pl. de la Gare 5, 1800 Vevey, Switzerland",46.4630714,6.842786299999999,Coop
La Veveyse,Coop Supermarché Oron-La-Ville,"Rte de Lausanne 31, 1610 Oron, Switzerland",46.570663499999995,6.8201681999999995,Coop
La Veveyse,Coop Supermarché Blonay,"Rte du Village 19, 1807 Blonay, Switzerland",46.466617899999996,6.894345599999999,Coop
La Veveyse,Coop City Lausanne Au Centre,"Rue Saint-Laurent 24/30, 1003 Lausanne, Switzerland",46.522742099999995,6.6303887999999995,Coop
La Veveyse,Coop Pronto avec station-service Vevey,"Rue du Clos 16, 1800 Vevey, Switzerland",46.4608207,6.8471021,Coop
Gäu,Coop Supermarkt Egerkingen Gäupark,"Hausimollstrasse 3, 4622 Egerkingen, Switzerland",47.317998599999996,7.8032061,Coop
Thal,Coop Supermarkt Thalwil,"Florastrasse 1, 8800 Thalwil, Switzerland",47.2965946,8.5622002,Coop
Thal,Coop Supermarkt Balsthal,"Kirchgässli 1, 4710 Balsthal, Switzerland",47.316522400000004,7.694764299999998,Coop
Bucheggberg,Coop Supermarkt Zuchwil,"Hauptstrasse 54, 4528 Zuchwil, Switzerland",47.203129399999995,7.5588472,Coop
Dorneck,Coop Supermarkt Dornach,"Neuarlesheimerstrasse 4-6, 4143 Arlesheim, Switzerland",47.488691499999995,7.6088979,Coop
Gösgen,Coop Supermarkt Schönenwerd,"Gösgerstrasse 5, 5012 Schönenwerd, Switzerland",47.3735297,8.0018461,Coop
Wasseramt,Coop Supermarkt Solothurn Rosengarten,"Rossmarktpl. 19, 4500 Solothurn, Switzerland",47.2045994,7.538396199999998,Coop
Olten,Coop Supermarkt Olten Bahnhof,"Bahnhofstrasse 22, 4600 Olten, Switzerland",47.3520076,7.907575800000001,Coop
Olten,Coop City Olten,"Baslerstrasse 10, 4600 Olten, Switzerland",47.3504464,7.902904799999999,Coop
Olten,Coop Supermarkt Olten City Food,"Baslerstrasse 10, 4600 Olten, Switzerland",47.3504464,7.902904799999999,Coop
Olten,Coop Supermarkt Olten Sälihof,"Von Rollstrasse 24, 4600 Olten, Switzerland",47.347041100000006,7.9087138999999995,Coop
Olten,Coop Supermarkt Olten Wilerfeld,"Wilerweg 101, 4600 Olten, Switzerland",47.3467749,7.921487900000001,Coop
Olten,Coop Supermarkt Wangen bei Olten,"Dorfstrasse 83, 4612 Wangen bei Olten, Switzerland",47.3433108,7.871174999999999,Coop
Solothurn,Coop Supermarkt Solothurn Bahnhof,"Dornacherstrasse 48, 4500 Solothurn, Switzerland",47.2042274,7.5424271,Coop
Solothurn,Coop Supermarkt Solothurn Brühl,"Brunngrabenstrasse 2, 4500 Solothurn, Switzerland",47.2078911,7.5159370999999995,Coop
Kt. Basel-Stadt,Coop Supermarkt Basel Europe,"Clarastrasse 41, 4058 Basel, Switzerland",47.5628993,7.596993200000001,Coop
Kt. Basel-Stadt,Coop Supermarkt Basel Südpark,"Güterstrasse 125, 4053 Basel, Switzerland",47.545248,7.5885135,Coop
Kt. Basel-Stadt,Coop Supermarkt Basel Aeschenplatz,"Aeschenvorstadt 75, 4051 Basel, Switzerland",47.551789199999995,7.5945811999999995,Coop
Kt. Basel-Stadt,Coop Supermarkt Basel Volta Zentrum,"Vogesenpl. 10, 4056 Basel, Switzerland",47.5706904,7.573182300000001,Coop
Kt. Basel-Stadt,Coop City Basel Am Marktplatz,"Gerbergasse 4, 4001 Basel, Switzerland",47.5573915,7.587791699999999,Coop
Kt. Basel-Stadt,Coop Supermarkt Basel St. Jakob-Park,"St. Jakobs-Strasse 397, 4052 Basel, Switzerland",47.5407334,7.6182232,Coop
Kt. Basel-Stadt,Coop Supermarkt Basel Gundeli,"Güterstrasse 190, 4053 Basel, Switzerland",47.543205199999996,7.5930408,Coop
Kt. Basel-Stadt,Coop Supermarkt Basel Elsässerstrasse,"Elsässerstrasse 36, 4056 Basel, Switzerland",47.569165100000006,7.579645,Coop
Kt. Basel-Stadt,Coop Supermarkt Basel Erlenmatt,"Erlenstrasse 81, 4058 Basel, Switzerland",47.5699396,7.603635100000001,Coop
Kt. Basel-Stadt,Coop Supermarkt Basel Bachletten,"Steinenring 45, 4051 Basel, Switzerland",47.5512107,7.580382799999999,Coop
Kt. Basel-Stadt,Coop Supermarkt Basel Greifengasse,"Greifengasse 3, 4058 Basel, Switzerland",47.5611641,7.591506099999998,Coop
Kt. Basel-Stadt,Coop Supermarkt Basel Fischmärt,"Marktgasse 8, 4051 Basel, Switzerland",47.559484000000005,7.5870954,Coop
Kt. Basel-Stadt,Coop Supermarkt Basel Allschwilerstrasse,"Allschwilerstrasse 51/53, 4055 Basel, Switzerland",47.5563911,7.571870499999999,Coop
Kt. Basel-Stadt,Coop Supermarkt Basel Klybeck,"Klybeckstrasse 142, 4057 Basel, Switzerland",47.569078700000006,7.590520099999999,Coop
Kt. Basel-Stadt,Coop Supermarkt Basel Breite,"Farnsburgerstrasse 37, 4052 Basel, Switzerland",47.5552797,7.6139474,Coop
Kt. Basel-Stadt,Coop Supermarkt Basel Wiesenplatz,"Inselstrasse 76, 4057 Basel, Switzerland",47.576847799999996,7.591031300000001,Coop
Arlesheim,Coop Supermarkt Arlesheim,"Gartenweg 4, 4144 Arlesheim, Switzerland",47.494784499999994,7.6203834,Coop
Laufen,Coop Supermarkt Laufen,"Bahnhofstrasse 28, 4242 Laufen, Switzerland",47.4191053,7.5020729,Coop
Liestal,Coop Supermarkt Liestal Bücheli Center,"Büchelistrasse 10, 4410 Liestal, Switzerland",47.483538499999995,7.7366699,Coop
Liestal,Coop Supermarkt Liestal Stabhof,"Rathausstrasse 45, 4410 Liestal, Switzerland",47.484064,7.735170500000001,Coop
Liestal,Coop Pronto Shop Liestal,"Bahnhofpl. 1, 4410 Liestal, Switzerland",47.4841534,7.731880200000001,Coop
Sissach,Coop Supermarkt Sissach,"Hauptstrasse 48, 4450 Sissach, Switzerland",47.4634205,7.813777000000001,Coop
Oberklettgau,Coop Supermarkt Neunkirch,"Bahnhofstrasse 1A, 8213 Neunkirch, Switzerland",47.6894701,8.4957978,Coop
Oberklettgau,Coop Supermarkt Hallau,"Hauptstrasse 56, 8215 Hallau, Switzerland",47.697838999999995,8.4605632,Coop
Oberklettgau,Coop Supermarkt Neuhausen Posthof,"Poststrasse 9, 8212 Neuhausen am Rheinfall, Switzerland",47.682691299999995,8.6198028,Coop
Oberklettgau,Coop Supermarkt Neuhausen Schützengut,"Zollstrasse 54, 8212 Neuhausen am Rheinfall, Switzerland",47.6800566,8.606555499999999,Coop
Oberklettgau,Coop Supermarkt Schaffhausen Fronwagplatz,"Fronwagpl. 1, 8201 Schaffhausen, Switzerland",47.696347499999995,8.633765,Coop
Oberklettgau,Coop Supermarkt Beringen,"Schaffhauserstrasse 2, 8222 Beringen, Switzerland",47.696200999999995,8.5756467,Coop
Oberklettgau,Coop Supermarkt Hüntwangen,"Bauelenzelgstrasse 8, 8194 Hüntwangen, Switzerland",47.5819202,8.5141853,Coop
Oberklettgau,Coop Supermarkt Bad Zurzach,"Baslerstrasse 11, 5330 Bad Zurzach, Switzerland",47.5893643,8.2917905,Coop
Oberklettgau,Coop Supermarkt Thayngen,"Bahnhofstrasse 26, 8240 Thayngen, Switzerland",47.746282099999995,8.7058834,Coop
Oberklettgau,Coop Supermarkt Schaffhausen Riet,"Rietstrasse 169, 8200 Schaffhausen, Switzerland",47.7039121,8.615565499999999,Coop
Oberklettgau,Coop Supermarkt Schleitheim,"Schaffhauserstrasse 3, 8226 Schleitheim, Switzerland",47.7466374,8.4806901,Coop
Oberklettgau,Coop Supermarkt Diessenhofen,"Bahnhofstrasse 28, 8253 Diessenhofen, Switzerland",47.6870296,8.7539645,Coop
Oberklettgau,Coop Supermarkt Stein am Rhein,"Kaltenbacherstrasse 32, 8260 Stein am Rhein, Switzerland",47.653061799999996,8.853229899999999,Coop
Oberklettgau,Coop Supermarkt Ehrendingen,"Dorfstrasse 17, 5420 Ehrendingen, Switzerland",47.4943592,8.341014099999999,Coop
Oberklettgau,Coop Supermarkt Würenlingen Aarepark,"Kuhgässlistrasse 7, 5303 Würenlingen, Switzerland",47.524968,8.2444185,Coop
Reiat,Coop Supermarkt Reinach BL,"Austrasse 1, 4153 Kanton Reinach, Switzerland",47.49375,7.593548099999999,Coop
Schaffhausen,Coop City Schaffhausen,"Vordergasse 69, 8200 Schaffhausen, Switzerland",47.6962488,8.634637,Coop
Schaffhausen,Coop Pronto Shop Schaffhausen Bahnhof,"Bahnhofstrasse 29, 8200 Schaffhausen, Switzerland",47.698141500000006,8.632686,Coop
Stein,Coop Supermarkt Stein Aargau,"Schaffhauserstrasse 34, 4332 Stein, Switzerland",47.546374199999995,7.9521647,Coop
Hinterland,Coop Supermarkt Weinfelden Thurmarkt,"Fichtenstrasse 18, 8570 Weinfelden, Switzerland",47.5667616,9.0968241,Coop
Hinterland,Coop Supermarkt Ilanz,"Via Crappa Grossa 24, 7130 Ilanz, Switzerland",46.774591799999996,9.1923234,Coop
Hinterland,Coop Supermarkt Schöftland,"Dorfstrasse 31, 5040 Schöftland, Switzerland",47.308472099999996,8.051096000000001,Coop
Hinterland,Coop Supermarkt Kollbrunn,"Dorfstrasse 8a, 8483 Zell, Switzerland",47.456505799999995,8.7736091,Coop
Hinterland,Coop Supermarkt Landquart,"Werkstättestrasse 5, 7302 Landquart, Switzerland",46.9667867,9.5557609,Coop
Hinterland,Coop Supermarkt Orpund,"Hauptstrasse 211, 2552 Orpund, Switzerland",47.1391415,7.3116112,Coop
Hinterland,Coop Supermarkt Reinach AG,"Obere Stumpenbachstrasse 10, 5734 Reinach, Switzerland",47.2516712,8.182429599999999,Coop
Hinterland,Coop Supermarkt Steckborn,"Seestrasse 149, 8266 Steckborn, Switzerland",47.664038,8.9791502,Coop
Mittelland,Coop Supermarkt,"Bernstrasse 9, 3421 Lyssach, Switzerland",47.0719347,7.567423899999999,Coop
Vorderland,Borderland Co-op Food Store,"607 Birtle St, Moosomin, SK S0G 3N0, Canada",50.1457968,-101.66731449999999,Others
Kt. Appenzell i.Rh.,Coop Supermarkt Appenzell,"Zielstrasse 13, 9050 Appenzell, Switzerland",47.3334747,9.4067577,Coop
St. Gallen,Coop Supermarkt St. Gallen Gallusmarkt,"Favrestrasse 6, 9016 St. Gallen, Switzerland",47.4379639,9.4128397,Coop
St. Gallen,Coop Supermarkt St. Gallen Bahnhof,"Bahnhofpl. 8A, 9000 St. Gallen, Switzerland",47.4223372,9.3685999,Coop
St. Gallen,Coop Supermarkt City St. Gallen Food,"Bohl 6, 9000 St. Gallen, Switzerland",47.4259518,9.3772213,Coop
St. Gallen,Coop Supermarkt St. Gallen Shopping Arena,"Zürcherstrasse 462, 9015 St. Gallen, Switzerland",47.408180099999996,9.3048603,Coop
St. Gallen,Coop Supermarkt St. Gallen Neugasse,"Neugasse 48, 9000 St. Gallen, Switzerland",47.424337799999996,9.3743853,Coop
St. Gallen,Coop Supermarkt St. Gallen Lerchenfeld,"Zürcherstrasse 204, 9014 St. Gallen, Switzerland",47.4127498,9.3358925,Coop
St. Gallen,Coop Pronto Shop St. Gallen Kornhausstrasse,"Kornhausstrasse 18, 9000 St. Gallen, Switzerland",47.4225275,9.3715834,Coop
St. Gallen,Coop Restaurant St. Gallen Gallusmarkt,"Favrestrasse 6, 9016 St. Gallen, Switzerland",47.437881999999995,9.413746,Coop
St. Gallen,Coop Pronto Shop mit Tankstelle St. Gallen Gallusmarkt,"Favrestrasse 6, 9016 St. Gallen, Switzerland",47.437618699999994,9.4124692,Coop
Rorschach,Coop Supermarkt Rorschach,"Marktpl. 12, 9400 Rorschach, Switzerland",47.4780665,9.4907924,Coop
Rheintal,Coop Supermarkt Altstätten,"Rorschacherstrasse 34, 9450 Altstätten, Switzerland",47.381589999999996,9.5471623,Coop
Rheintal,Coop Supermarkt Rheineck,"Bahnhofstrasse 13, 9424 Rheineck, Switzerland",47.4683182,9.589646199999999,Coop
Rheintal,Coop Supermarkt Diepoldsau,"Tramstrasse 33, 9444 Diepoldsau, Switzerland",47.389429199999995,9.6491347,Coop
Rheintal,Coop Supermarkt Oberriet,"Bahnhofstrasse 2, 9463 Oberriet, Switzerland",47.3234962,9.5689158,Coop
Rheintal,Coop Supermarkt Haag,"Rüti 1, 9469 Sennwald, Switzerland",47.212387,9.495612999999999,Coop
Rheintal,Coop Supermarkt St. Margrethen,"Bahnhofstrasse 1, 9430 St. Margrethen, Switzerland",47.451442199999995,9.6354969,Coop
Werdenberg,Coop Supermarkt Buchs SG,"Bahnhofstrasse 40, 9470 Buchs, Switzerland",47.1663748,9.4731937,Coop
Werdenberg,Coop Supermarkt Schaan,"Im Rietacker 9, 9494 Schaan, Liechtenstein",47.1753036,9.509743799999999,Coop
Werdenberg,Coop Supermarkt Sevelen,"Bahnhofstrasse 37, 9475 Sevelen, Switzerland",47.122666300000006,9.490109799999999,Coop
Werdenberg,Coop Supermarkt Vaduz Städtlemarkt,"Aeulestrasse 20, 9490 Vaduz, Liechtenstein",47.1401365,9.5205874,Coop
Werdenberg,Coop Supermarkt Vaduz Mühleholz,"Landstrasse 117, 9490 Vaduz, Liechtenstein",47.1546325,9.509945799999999,Coop
Werdenberg,Coop Supermarkt Balzers Fabrikstrasse,"Fabrikstrasse 4, 9496 Balzers, Liechtenstein",47.0663331,9.498669099999999,Coop
Werdenberg,Coop Supermarkt Mels Pizolcenter,"Grossfeldstrasse 63, 8887 Mels, Switzerland",47.0405568,9.435373499999999,Coop
Werdenberg,Coop Supermarkt Flums,"Marktstrasse 21, 8890 Flums, Switzerland",47.0904075,9.3451402,Coop
Werdenberg,Coop Supermarkt Unterwasser,"Dorfstrasse 16, 9657 Alt St. Johann, Switzerland",47.1967248,9.310703199999999,Coop
Werdenberg,Coop Supermarkt Bad Ragaz,"Freihofweg 5, 7310 Bad Ragaz, Switzerland",47.0033865,9.502198,Coop
Werdenberg,Coop Supermarkt Sargans,"Bahnhofstrasse 4, 7320 Sargans, Switzerland",47.0474811,9.4406068,Coop
Werdenberg,Coop Supermarkt Walenstadt,"Bahnhofstrasse 11, 8880 Walenstadt, Switzerland",47.123444799999994,9.3145464,Coop
Sarganserland,Coop Supermarkt Mels Dorf,"Sarganserstrasse 1, 8887 Mels, Switzerland",47.0474903,9.4212089,Coop
Sarganserland,Coop Pronto Shop Sargans Bahnhof,"Bahnhof SBB, 7320 Sargans, Switzerland",47.045383,9.4450863,Coop
See-Gaster,Coop Supermarkt Uznach Linthpark,"Burgerfeldstrasse 15, 8730 Uznach, Switzerland",47.225261599999996,8.9696164,Coop
See-Gaster,Coop Supermarkt Eschenbach SG,"Obergass 15, 8733 Eschenbach, Switzerland",47.240816099999996,8.919815999999999,Coop
See-Gaster,Coop Supermarkt Jona Eisenhof,"Allmeindstrasse 17, 8645 Jona SG, Switzerland",47.231471899999995,8.836679799999999,Coop
See-Gaster,Coop Supermarkt Freienbach SZ,"Wolleraustrasse 9, 8807 Freienbach, Switzerland",47.203375099999995,8.758778,Coop
See-Gaster,Coop Supermarkt Siebnen,"Stockbergstrasse 1, 8854 Schübelbach, Switzerland",47.1752568,8.9023399,Coop
See-Gaster,Coop Supermarkt Gommiswald,"Rickenstrasse 25, 8737 Gommiswald, Switzerland",47.2333588,9.0204542,Coop
See-Gaster,Coop Supermarkt Wald ZH,"Bahnhofstrasse 33, 8636 Wald, Switzerland",47.2738236,8.914686099999999,Coop
See-Gaster,Coop Pronto Shop Glarnerland Raststätte,"Nideracher 1, 8867 Niederurnen, Switzerland",47.13761230000001,9.049589,Coop
See-Gaster,Coop Supermarkt Altendorf,"Zürcherstrasse 109b, 8852 Altendorf, Switzerland",47.199306799999995,8.810411199999999,Coop
See-Gaster,Coop Supermarkt Jona Center,"St. Gallerstrasse 120, 8645 Rapperswil-Jona, Switzerland",47.229697400000006,8.8489071,Coop
See-Gaster,Coop Supermarkt Gossau ZH,"Büelgass 14, 8625 Gossau, Switzerland",47.305509699999995,8.7566696,Coop
Toggenburg,Coop Supermarkt Wattwil,"Grüenaustrasse 4, 9630 Wattwil, Switzerland",47.3031213,9.0864913,Coop
Toggenburg,Coop Supermarkt Nesslau,"Hauptstrasse 31, 9650 Nesslau, Switzerland",47.2255016,9.1995585,Coop
Toggenburg,Coop Supermarkt Rickenbach,"Breitestrasse 4, 9532 Rickenbach, Switzerland",47.4469776,9.0535898,Coop
Toggenburg,Coop Supermarkt Ebnat-Kappel,"Gillstrasse 2, 9642 Ebnat-Kappel, Switzerland",47.2653472,9.121483,Coop
Toggenburg,Coop Supermarkt Uzwil,"Wattstrasse 1, 9240 Uzwil, Switzerland",47.4361447,9.139066999999999,Coop
Toggenburg,Coop Supermarkt Wil Bahnhof,"Bahnhofpl. 1, 9500 Wil, Switzerland",47.4624733,9.0417521,Coop
Toggenburg,Coop Supermarkt Wil Stadtmarkt,"Obere Bahnhofstrasse 39, 9500 Wil, Switzerland",47.4646192,9.045373,Coop
Toggenburg,Coop Supermarkt Zuzwil Herbergmarkt,"Herbergstrasse 12, 9524 Zuzwil, Switzerland",47.4732184,9.112735299999999,Coop
Toggenburg,Coop Supermarkt Degersheim,"Taastrasse 1, 9113 Degersheim, Switzerland",47.372113299999995,9.1952265,Coop
Toggenburg,Coop Supermarkt Aadorf,"Wiesentalstrasse 23, 8355 Aadorf, Switzerland",47.4928318,8.8997998,Coop
Toggenburg,Coop Supermarkt Grabs Rhymarkt,"Staatsstrasse 89, 9472 Grabs, Switzerland",47.1870276,9.442302999999999,Coop
Toggenburg,Coop Supermarkt Flawil,"Schweissbrunnstrasse 4, 9230 Flawil, Switzerland",47.4139111,9.1853232,Coop
Toggenburg,Coop Supermarkt Münchwilen,"Frauenfelderstrasse 4, 9542 Münchwilen, Switzerland",47.4793586,8.9954223,Coop
Toggenburg,Coop Supermarkt Gossau SG,"St. Gallerstrasse 75, 9200 Gossau, Switzerland",47.416779399999996,9.251359899999999,Coop
Bernina,Coop Supermarkt Pontresina,"Via Da Mulin 17, 7504 Pontresina, Switzerland",46.488669099999996,9.9052145,Coop
Surselva,Coop Supermarkt Disentis,"Via Acletta 1, 7180 Disentis/Mustér, Switzerland",46.7000599,8.8420308,Coop
Surselva,Coop Supermarkt Thusis,"Neudorfstrasse 96, 7430 Thusis, Switzerland",46.697654,9.4403838,Coop
Surselva,Coop Supermarkt Davos,"Bahnhofstrasse 1, 7270 Davos, Switzerland",46.792492499999994,9.8206432,Coop
Surselva,Coop Supermarkt Chur West,"Raschärenstrasse 35, 7000 Chur, Switzerland",46.8469965,9.5082863,Coop
Surselva,Coop Supermarkt Bonaduz,"Kirchstrasse 5, 7402 Bonaduz, Switzerland",46.811959599999994,9.4012168,Coop
Imboden,Coop Supermarkt Domat-Ems,"Via Nova 96, 7013 Domat/Ems, Switzerland",46.8370349,9.4526439,Coop
Engiadina B./Val Müstair,Coop Supermarkt Scuol,"Stradun 403A, 7550 Scuol, Switzerland",46.7952296,10.2952461,Coop
Engiadina B./Val Müstair,Coop Supermarkt Zernez,"Via Sura Hauptstrasse, 7530 Zernez, Switzerland",46.699891799999996,10.093589399999999,Coop
Engiadina B./Val Müstair,Coop Supermarkt St. Moritz Bellevue,"Via dal Bagn 18, 7500 St. Moritz, Switzerland",46.490617,9.835170999999999,Coop
Engiadina B./Val Müstair,Coop Supermarkt Samedan,"Crappun 1, 7503 Samedan, Switzerland",46.5319317,9.870603299999999,Coop
Engiadina B./Val Müstair,Coop Supermarkt St. Moritz-Dorf,"Plazza da Scoula 12, 7500 St. Moritz, Switzerland",46.498852799999995,9.838844199999999,Coop
Engiadina B./Val Müstair,Coop Supermarkt Zuoz,"Via Staziun 27, 7524 Zuoz, Switzerland",46.6001032,9.960946200000002,Coop
Engiadina B./Val Müstair,Coop Supermercato Mesocco,"Stradón 29, 6562 Soazza, Switzerland",46.392907199999996,9.2326395,Coop
Engiadina B./Val Müstair,Coop Supermarkt Celerina,"Via Maistra 108, 7505 Celerina/Schlarigna, Switzerland",46.513244799999995,9.8621678,Coop
Prättigau / Davos,Coop Pronto Shop Davos Dorf,"Promenade 143, 7260 Davos, Switzerland",46.807451799999996,9.8377603,Coop
Prättigau / Davos,Coop Pronto Shop Davos Platz,"Promenade 63, 7270 Davos, Switzerland",46.7963646,9.82137,Coop
Prättigau / Davos,Coop Supermarkt Klosters-Platz,"Bahnhofstrasse 10, 7250 Klosters-Serneus, Switzerland",46.868170199999994,9.8819106,Coop
Prättigau / Davos,Coop Supermarkt Schiers,"Dorfstrasse 2, 7220 Schiers, Switzerland",46.97005420000001,9.6840789,Coop
Plessur,Coop Supermarket Chur Quader,"Quaderstrasse 36, 7000 Chur, Switzerland",46.85213,9.534748,Coop
Plessur,Coop Supermarkt Chur Kurfirsten,"Kurfirstenstrasse 5, 7000 Chur, Switzerland",46.8575952,9.520247,Coop
Plessur,Coop Supermarkt Chur Steinbock,"Bahnhofpl. 8, 7000 Chur, Switzerland",46.8527801,9.5297015,Coop
Aarau,Coop Supermarkt Aarau Bahnhof,"Bahnhofpl. 3D, 5000 Aarau, Switzerland",47.3917071,8.052484999999999,Coop
Aarau,Coop City,"Igelweid 10, 5000 Aarau, Switzerland",47.3915702,8.045867099999999,Coop
Aarau,coop supermarkt,"Tellistrasse 67, 5004 Aarau, Switzerland",47.3984877,8.0586177,Coop
Baden,Coop Supermarkt City Baden Food,"Bahnhofstrasse 28, 5400 Baden, Switzerland",47.4758225,8.3079958,Coop
Baden,Coop Supermarkt Baden-Dättwil,"Mellingerstrasse 212, 5405 Baden, Switzerland",47.4507293,8.2905123,Coop
Bremgarten,Coop Supermarkt Bremgarten,"Sonnengutstrasse 2, 5620 Bremgarten, Switzerland",47.351633799999995,8.3482326,Coop
Brugg,Coop Supermarkt Brugg Neumarkt,"Neumarktpl. 2, 5200 Brugg, Switzerland",47.4816757,8.2085413,Coop
Brugg,Coop Supermarkt Brugg Campus,"Bahnhofstrasse 6A, 5210 Windisch, Switzerland",47.481673099999995,8.2113392,Coop
Kulm,Coop Supermarkt Unterkulm,"Hauptstrasse 34, 5726 Unterkulm, Switzerland",47.311951799999996,8.114635,Coop
Lenzburg,Coop Supermarkt Lenzburg,"Augustin Keller-Strasse 31, 5600 Lenzburg, Switzerland",47.3898983,8.1709035,Coop
Muri,Coop Supermarkt Muri AG,"Seetalstrasse 1, 5630 Muri, Switzerland",47.2728429,8.341126899999999,Coop
Muri,Coop Supermarkt Muri,"Thunstrasse 68, 3074 Muri bei Bern, Switzerland",46.9321409,7.4841902,Coop
Rheinfelden,Coop Supermarkt Rheinfelden Salmen-Center,"Baslerstrasse 4, 4310 Rheinfelden, Switzerland",47.552058599999995,7.7864835,Coop
Zofingen,Coop Supermarkt Zofingen,"Aarburgerstrasse 4, 4800 Zofingen, Switzerland",47.2922295,7.9431219,Coop
Zofingen,Coop Supermarkt Zofingen Bahnhof,"u. Grabenstrasse 32, 4800 Zofingen, Switzerland",47.287338399999996,7.943780899999999,Coop
Arbon,Coop Supermarkt Arbon Novaseta,"St. Gallerstrasse 15, 9320 Arbon, Switzerland",47.5112242,9.4301171,Coop
Frauenfeld,Coop Supermarkt Frauenfeld Schlosspark,"Zürcherstrasse 138, 8500 Frauenfeld, Switzerland",47.5542174,8.8962605,Coop
Frauenfeld,Coop Supermarkt Frauenfeld Allmendcenter,"Juchstrasse 16, 8500 Frauenfeld, Switzerland",47.5674352,8.9064266,Coop
Frauenfeld,Coop Supermarkt Frauenfeld Fallengatter,"Schaffhauserstrasse 17, 8500 Frauenfeld, Switzerland",47.561189899999995,8.8871939,Coop
Kreuzlingen,Coop Supermarkt Kreuzlingen Ziilcenter,"Leubernstrasse 3, 8280 Kreuzlingen, Switzerland",47.6384646,9.2021129,Coop
Bellinzona,Coop,"Viale Stazione 36, 6500 Bellinzona, Switzerland",46.195153499999996,9.0291272,Coop
Bellinzona,Coop Supermercato Bellinzona Centro,"Via Henri Guisan 2, 6500 Bellinzona, Switzerland",46.1946715,9.0250056,Coop
Bellinzona,Coop Supermercato Bellinzona PY,"Via Franco Zorzi 36, 6500 Bellinzona, Switzerland",46.183842,9.0124871,Coop
Bellinzona,Coop Supermercato Bellinzona Nord,"Via alla Gerretta 17, 6500 Bellinzona, Switzerland",46.2023371,9.030880699999999,Coop
Bellinzona,Coop Pronto Bellinzona Nord,"Via Gerretta, 6500 Bellinzona, Switzerland",46.2023004,9.030913,Coop
Blenio,Coop Supermercato Dongio,"Centro Commerciale ISRA, Piazza S. Domenico 4, 6715 Dongio, Switzerland",46.4403685,8.9518456,Coop
Blenio,Coop Supermercato Malvaglia,"Via Campagna, 6713 Malvaglia, Switzerland",46.4123314,8.977542699999999,Coop
Blenio,Coop Supermercato Tenero,"Via alle Brere 8, 6598 Tenero-Contra, Switzerland",46.1745843,8.8554244,Coop
Blenio,Coop Supermercato Faido,"Via Pian della Croce 1, 6760 Faido, Switzerland",46.4778808,8.798928499999999,Coop
Blenio,Coop Supermercato Canobbio Ipermercato Resega,"Via Sonvico 5, 6952 Canobbio, Switzerland",46.028158399999995,8.967826,Coop
Blenio,Coop Supermercato Minusio,"Via Municipio 6, 6648 Minusio, Switzerland",46.1751089,8.8122859,Coop
Blenio,Coop Supermercato Brione Verzasca,"via Brione Verzasca 72, 6634 Verzasca, Switzerland",46.2973236,8.7913322,Coop
Leventina,Coop Supermercato Biasca,"Via A. Giovannini 32, 6710 Biasca, Switzerland",46.357984099999996,8.971908599999999,Coop
Leventina,Coop Supermercato Riazzino PY,"Via Cantonale 64, 6595 Lavertezzo, Switzerland",46.174991899999995,8.8908755,Coop
Leventina,Coop City Lugano,"Via Nassa 22, 6900 Lugano, Switzerland",46.002850099999996,8.9498683,Coop
Leventina,Coop Supermercato Taverne,"Via Carvina 7, 6807 Torricella-Taverne, Switzerland",46.0620494,8.9290135,Coop
Leventina,Coop Supermercato Cevio,"Via Valmaggina 11, 6675 Cevio, Switzerland",46.3184319,8.6020028,Coop
Leventina,Coop Supermercato Serfontana,"Via al Ponte 3, 6834 Morbio Inferiore, Switzerland",45.8448767,9.0152079,Coop
Leventina,Coop Supermercato Melide,"Via Cantonale 23, 6815 Melide, Switzerland",45.9552611,8.9481276,Coop
Locarno,Coop Supermercato Locarno Piazza Grande,"piazza Grande 28, 6600 Locarno, Switzerland",46.169142699999995,8.7946385,Coop
Lugano,Coop Supermercato Lugano nord,"Via Beltramina 5, 6900 Lugano, Switzerland",46.0173926,8.9583667,Coop
Lugano,Coop Supermercato Lugano Viganello,"Via Molinazzo 1, 6962 Lugano, Switzerland",46.0097501,8.964480499999999,Coop
Lugano,Coop Supermercato Lugano Via Maderno,"Via Carlo Maderno 16, 6900 Lugano, Switzerland",46.009775399999995,8.9553131,Coop
Lugano,Coop Supermercato Lugano Sud,"Via Cantonale 1, 6916 Grancia, Switzerland",45.97381,8.9267317,Coop
Lugano,Coop Supermercato Lugano Pregassona,"Viale Cassone 3, 6963 Lugano, Switzerland",46.0200807,8.9685711,Coop
Lugano,Coop Supermercato Lugano Breganzona,"Via Vergiò 26, 6932 Breganzona, Switzerland",46.0130422,8.9331278,Coop
Mendrisio,Coop Supermercato Mendrisio,"Via Giorgio Bernasconi 31, 6850 Mendrisio, Switzerland",45.8654963,8.9767912,Coop
Vallemaggia,Coop Supermercato Maggia,"La Lüvèira 2, 6673 Maggia, Switzerland",46.245672,8.7049159,Coop
Aigle,Coop Supermarché Aigle,"Rue du Rhône 28, 1860 Aigle, Switzerland",46.318993299999995,6.965106,Coop
Aigle,Coop Pronto Aigle Gare,"Pl. de la Gare 1, 1860 Aigle, Switzerland",46.316947,6.9637695,Coop
Morges,Coop Supermarché Morges Charpentiers,"Rue des Fossés 4, 1110 Morges, Switzerland",46.510022199999995,6.4975781999999995,Coop
Morges,Coop Supermarché Morges La Gottaz,"Av. de la Gottaz 28, 1110 Morges, Switzerland",46.507245700000006,6.48551,Coop
Morges,Coop Pronto Morges Gare,"Pl. de la Gare 2, 1110 Morges, Switzerland",46.5111213,6.494185,Coop
Morges,Coop Pronto avec station-service Morges,"Rue de Lausanne 43, 1110 Morges, Switzerland",46.515558299999995,6.5039086,Coop
Nyon,Coop Supermarché Nyon Levratte,"La Levratte 22, 1260 Nyon, Switzerland",46.3879482,6.228508400000001,Coop
Nyon,Coop Pronto Nyon Gare,"Pl. de la Gare 4, 1260 Nyon, Switzerland",46.384983,6.2368831,Coop
Broye-Vully,Coop Supermarché Sugiez,"Chem. des Sauges 10, 1786 Bas-Vully, Switzerland",46.9656216,7.1218758,Coop
Broye-Vully,Coop Supermarkt Murten Löwenberg K.,"Löwenberg 54, 3280 Murten, Switzerland",46.9372572,7.1430378,Coop
Broye-Vully,Coop Supermarché Montagny-près-Yverdon,"En Chamard 31, 1442 Montagny-près-Yverdon, Switzerland",46.790005199999996,6.6205628999999995,Coop
Broye-Vully,Coop Supermarché Neuchâtel Vauseyon,"Rue des Poudrières 137, 2000 Neuchâtel, Switzerland",46.988166299999996,6.9093795,Coop
Gros-de-Vaud,Coop Supermarché Le Mont-sur-Lausanne,"Rte de Lausanne 33, 1052 Le Mont-sur-Lausanne, Switzerland",46.5540028,6.6349095,Coop
Gros-de-Vaud,Coop Supermarché Lausanne Caroline,"Rue Caroline 6, 1003 Lausanne, Switzerland",46.5208593,6.6376033,Coop
Gros-de-Vaud,Coop Supermarché Prilly Centre,"Rte de Cossonay 28, 1008 Prilly, Switzerland",46.534422199999995,6.6061201,Coop
Gros-de-Vaud,Coop Supermarché Echallens,"Rte d'Orbe 4, 1040 Echallens, Switzerland",46.6418928,6.6311981,Coop
Gros-de-Vaud,Coop Supermarché Penthalaz Venoge,"Chem. de l'Islettaz 1, 1305 Penthalaz, Switzerland",46.6072801,6.522434199999999,Coop
Gros-de-Vaud,Coop Supermarché Lausanne Grancy,"Bd de Grancy 4, 1006 Lausanne, Switzerland",46.515312699999996,6.6316035,Coop
Gros-de-Vaud,Coop Supermarché Yverdon Bel-Air,"Rue d'Orbe 1, 1400 Yverdon-les-Bains, Switzerland",46.780336,6.6362038,Coop
Gros-de-Vaud,Coop Supermarché Ecublens,"Chem. du Croset 3, 1024 Ecublens, Switzerland",46.53412660000001,6.5665274,Coop
Gros-de-Vaud,Coop Supermarché Renens Centre,"Pl. du Marché 1, 1020 Renens, Switzerland",46.5383211,6.581687,Coop
Gros-de-Vaud,Coop Supermarché Etagnières,"Rte en Rambuz 21, 1037 Etagnières, Switzerland",46.594898699999995,6.6092733,Coop
Gros-de-Vaud,Coop Supermarché La Sarraz,"Rte de Ferreyres 1, 1315 La Sarraz, Switzerland",46.6585101,6.5114443,Coop
Gros-de-Vaud,Coop Supermarché Cheseaux,"Rue du Pâquis 2, 1033 Cheseaux-sur-Lausanne, Switzerland",46.5864058,6.6046715,Coop
Gros-de-Vaud,Coop City Lausanne St. François,"Av. du Théâtre 4, 1005 Lausanne, Switzerland",46.518541,6.635155000000001,Coop
Gros-de-Vaud,Coop Supermarché Chavornay,"Rue de la Gare 11, 1373 Chavornay, Switzerland",46.7097748,6.5692504,Coop
Gros-de-Vaud,Coop Supermarché Lausanne Chissiez,"Chem. des Faverges 15, 1006 Lausanne, Switzerland",46.5140281,6.6471797,Coop
Gros-de-Vaud,Coop Supermarché Prilly Malley,"Av. du Chablais 41, 1008 Prilly, Switzerland",46.524690899999996,6.6026701,Coop
Jura-Nord vaudois,Coop Supermarché Orbe,"Rte de Valeyres 1, 1350 Orbe, Switzerland",46.730913,6.530977099999999,Coop
Jura-Nord vaudois,Coop Supermarché Vallorbe,"Grand-Rue 19, 1337 Vallorbe, Switzerland",46.7118679,6.3781174,Coop
Jura-Nord vaudois,Coop Supermarché Le Sentier,"Chem. de Rivaboux 1, 1347 Le Chenit, Switzerland",46.6067026,6.2327948,Coop
Jura-Nord vaudois,Coop Supermarché Couvet,"Près-de-la-Porte, 2108 Couvet, Switzerland",46.921887299999995,6.6241435,Coop
Jura-Nord vaudois,Coop Supermarché Sainte-Croix,"Rue Neuve 5, 1450 Sainte-Croix, Switzerland",46.8228259,6.5015354,Coop
Jura-Nord vaudois,Coop Pronto Yverdon Gare,"Pl. de la Gare 10, 1400 Yverdon-les-Bains, Switzerland",46.781546999999996,6.640351,Coop
Lavaux-Oron,Coop Supermarché Lutry la Corniche,"Rte de la Petite Corniche 7, 1091 Aran, Switzerland",46.5010611,6.6953939,Coop
Lavaux-Oron,Coop Supermarché Lutry,"Rte de l'Ancienne Ciblerie 2, 1095 Lutry, Switzerland",46.5058405,6.6884589,Coop
Lavaux-Oron,Coop Supermarché Cully,"Rue de la Gare 3, 1096 Bourg-en-Lavaux, Switzerland",46.4881661,6.7286883,Coop
Lausanne,Coop Supermarché Lausanne Rouvraie,"Av. Parc-de-la-Rouvraie 3, 1018 Lausanne, Switzerland",46.530918199999995,6.6347003,Coop
Lausanne,Coop Supermarché La Sallaz,"Place de la Sallaz 3, 1010 Lausanne, Switzerland",46.5328825,6.646652100000001,Coop
Lausanne,Coop Pronto Lausanne Ouchy,"Av. d'Ouchy 68, 1006 Lausanne, Switzerland",46.5077564,6.627242900000001,Coop
Lausanne,Coop Supermarché Lausanne Prélaz,"Av. de Morges 60, 1004 Lausanne, Switzerland",46.526643,6.6125066,Coop
Lausanne,Coop Supermarché Lausanne Pontaise,"Rue de la Pontaise 14, 1018 Lausanne, Switzerland",46.529398699999994,6.6305631,Coop
Lausanne,Coop Pronto Lausanne Place Chauderon,"Pl. Chauderon 3, 1003 Lausanne, Switzerland",46.523063799999996,6.626289400000001,Coop
Lausanne,Coop Supermarché Lausanne Cour,"Av. de Cour 105, 1007 Lausanne, Switzerland",46.5159613,6.6136314,Coop
Lausanne,Coop Supermarché Lausanne Bergières,"Av. Bergières 42, 1004 Lausanne, Switzerland",46.5310543,6.6192188,Coop
Lausanne,Coop Pronto Lausanne Gare,"Pl. de la Gare 11, 1003 Lausanne, Switzerland",46.5172202,6.6279052,Coop
Lausanne,Coop Supermarché Lausanne La Harpe,"Av. Frédéric-César-de-la-Harpe 33, 1007 Lausanne, Switzerland",46.5102577,6.6262349,Coop
Lausanne,Coop Supermarché Lausanne Entrebois,"Chem. d'Entre-Bois 17, 1018 Lausanne, Switzerland",46.5372957,6.632221599999999,Coop
Lausanne,Coop Supermarché Lausanne Chailly,"Av. de Chailly 9, 1012 Lausanne, Switzerland",46.5258271,6.6521520999999995,Coop
Ouest lausannois,Coop Supermarché Prilly Business Parc,"Rte de Renens 24, 1008 Prilly, Switzerland",46.5295948,6.6008214999999995,Coop
Ouest lausannois,Coop Pronto,"Pl. de la Gare 3, 1020 Renens, Switzerland",46.536748300000006,6.5793159,Coop
Riviera-Pays-d'Enhaut,Coop Supermarché Villeneuve,"Rue du Collège 2, 1844 Villeneuve, Switzerland",46.398109700000006,6.9256088,Coop
Riviera-Pays-d'Enhaut,Coop Pronto Montreux Gare,"Av. des Alpes 80, 1820 Montreux, Switzerland",46.4365849,6.9097231,Coop
Riviera-Pays-d'Enhaut,Coop Supermarché Chexbres,"Chem. de Praz-Routoz 1, 1071 Chexbres, Switzerland",46.4825303,6.7745766,Coop
Riviera-Pays-d'Enhaut,Coop Supermarché Vouvry,"Chem. du Grand'Clos 1, 1896 Vouvry, Switzerland",46.3338026,6.890376799999999,Coop
Riviera-Pays-d'Enhaut,Coop Supermarché Les Diablerets,"Rte du Pillon 58, 1865 Ormont-Dessus, Switzerland",46.353856099999994,7.150117,Coop
Riviera-Pays-d'Enhaut,Coop Supermarché Leysin,"Cime de L'Est A, Rue du Carroz, 1854 Leysin, Switzerland",46.342650899999995,7.0113517,Coop
Brig,Coop Supermarkt Brig,"Gliserallee 13, 3902 Brig-Glis, Switzerland",46.315126,7.9866142,Coop
Brig,Coop Supermarkt Brig Zentrum Post,"Nordstrasse 2, 3900 Brig-Glis, Switzerland",46.318667399999995,7.988614300000001,Coop
Conthey,Coop Supermarché Conthey Bassin,"Rue de la Madeleine 2, 1964 Conthey, Switzerland",46.2239289,7.296095199999999,Coop
Conthey,Coop Supermarché Conthey,"Rte Cantonale 18, 1964 Conthey, Switzerland",46.2238875,7.304958699999999,Coop
Goms,Coop Supermarkt Münster,"Furkastrasse 743, 3985 Goms, Switzerland",46.4882011,8.269408199999999,Coop
Leuk,Lovettsville Co-op Market,"11 Town Center Dr Ste 150, Lovettsville, VA 20180, USA",39.2746952,-77.6405891,Others
Leuk,Upper Valley Food Co-Op,"193 N Main St, White River Junction, VT 05001, USA",43.6502426,-72.3220264,Others
Leuk,Co-op Food Stores,"209 Maple St, White River Junction, VT 05001, USA",43.6523761,-72.31832299999999,Others
Martigny,Coop Supermarché Martigny Cristal,"Av. de Fully 53, 1920 Martigny, Switzerland",46.1110322,7.0757465999999996,Coop
Martigny,Coop Supermarché Martigny Relais du St Bernard,"Relais du, Av. du Grand-Saint-Bernard A9, 1920 Martigny, Switzerland",46.126963599999996,7.060506300000001,Coop
Monthey,Coop Supermarché Monthey,"Av. du Théâtre 17, 1870 Monthey, Switzerland",46.253160799999996,6.9501455,Coop
Raron,Volg,"Bahnhofstrasse 6, 3942 Raron, Switzerland",46.304292800000006,7.801462399999999,Volg
Saint-Maurice,Coop Supermarché Saint-Maurice,"Rue Joseph-Hyacinthe Barman 4, 1890 Saint-Maurice, Switzerland",46.2178034,7.0063031,Coop
Sierre,Coop Supermarché Sierre,"Av. Max Huber 6, 3960 Sierre, Switzerland",46.2939327,7.534504200000001,Coop
Sierre,Coop Supermarché Sierre Rossfeld,"Rte des Lacustres 2, 3960 Sierre, Switzerland",46.2812407,7.512626900000001,Coop
Sion,Coop Supermarché City Sion Food,"Rue du Scex 2, 1950 Sion, Switzerland",46.231463,7.3626298,Coop
Sion,Coop Supermarché Sion sous Gare,"Rue de l'Industrie 16, 1950 Sion, Switzerland",46.226167499999995,7.3607375,Coop
Sion,Coop Pronto Sion Gare,"Pl. de la Gare, 1950 Sion, Switzerland",46.227446199999996,7.3589237,Coop
Visp,Coop Supermarkt Visp Centerpark,"Kantonsstrasse 1, 3930 Visp, Switzerland",46.2925099,7.8796444999999995,Coop
Visp,Coop Supermarkt Eyholz Center,"Kantonsstrasse 57, 3930 Visp, Switzerland",46.29636360000001,7.9146333,Coop
Visp,Coop Pronto Shop Visp Bahnhof,"Bahnhofpl. 1, 3930 Visp, Switzerland",46.293728699999996,7.8815575,Coop
Cant. de Neuchâtel,Coop Supermarché Neuchâtel La Treille,"Rue de la Treille 4, 2000 Neuchâtel, Switzerland",46.9905878,6.929874099999999,Coop
Cant. de Neuchâtel,Coop City Neuchâtel,"Rue des Epancheurs 3, 2000 Neuchâtel, Switzerland",46.990016499999996,6.930166799999999,Coop
Cant. de Neuchâtel,Coop Supermarché Neuchatel Gare,"Gare de Neuchâtel 3, 2000 Neuchâtel, Switzerland",46.996821499999996,6.9361694,Coop
Cant. de Neuchâtel,Coop Pronto Neuchâtel Gare,"Espa. de l'Europe 3, 2000 Neuchâtel, Switzerland",46.9968716,6.9367196,Coop
Cant. de Genève,Coop,"Rue de Jargonnant 5, 1207 Genève, Switzerland",46.2005862,6.1598961999999995,Coop
Cant. de Genève,Coop Supermarché Genève Florissant,"Rte de Florissant 56, 1206 Genève, Switzerland",46.193348199999996,6.161439499999999,Coop
Cant. de Genève,Coop City Genève Fusterie,"Rue du Commerce 7, 1204 Genève, Switzerland",46.2040739,6.1451774,Coop
Cant. de Genève,Coop,"Pl. de Cornavin 7, 1201 Genève, Switzerland",46.2105107,6.1431683,Coop
Cant. de Genève,Coop Supermarché Genève Montbrillant,"Rue de Montbrillant 90, 1202 Genève, Switzerland",46.220295799999995,6.1418121999999995,Coop
Cant. de Genève,Coop Supermarché Genève Augustins,"Rue de Carouge 76, 1205 Genève, Switzerland",46.192185699999996,6.1437072,Coop
Cant. de Genève,Coop Supermarché Genève Champel,"Av. de Champel 8C, 1206 Genève, Switzerland",46.1946321,6.152285000000001,Coop
Cant. de Genève,Coop Supermarché Genève Servette,"Rue de la Servette 81, 1202 Genève, Switzerland",46.212406099999995,6.1311607,Coop
Cant. de Genève,Coop Supermarché Genève Saint-Jean,"Av. du Devin-du-Village 1, 1203 Genève, Switzerland",46.203914999999995,6.124689999999999,Coop
Cant. de Genève,Coop Supermarché Genève Jonction,"Bd Carl-Vogt 22, 1205 Genève, Switzerland",46.199773799999996,6.1323248999999995,Coop
Cant. de Genève,Coop Supermarché Genève Cirque,"Bd de Saint-Georges 72, 1205 Genève, Switzerland",46.2010596,6.1390655999999995,Coop
Cant. de Genève,Coop Supermarché Genève Gare Mont-Blanc,"Rue du Mont-Blanc 30, 1201 Genève, Switzerland",46.2091553,6.143094700000001,Coop
Cant. de Genève,Coop Supermarché Genève St-Jean Parc,"Rue de Saint-Jean 49, 1203 Genève, Switzerland",46.2051811,6.1304061999999995,Coop
Cant. de Genève,Coop Supermarché Genève Voltaire,"Rue Voltaire 18, 1201 Genève, Switzerland",46.2079939,6.1373634,Coop
Cant. de Genève,Coop Supermarché Thônex,"Rue de Genève 106, 1226 Thônex, Switzerland",46.1928535,6.201806299999999,Coop
Delémont,Coop Pronto avec station-service Delémont,"Rue du Stand 56, 2800 Delémont, Switzerland",47.3617486,7.340197099999999,Coop
Les Franches-Montagnes,Coop Supermarché La Chaux-de-Fonds Bel-Air,"Rue du Ravin 4, 2300 La Chaux-de-Fonds, Switzerland",47.110614,6.8288766999999995,Coop
Les Franches-Montagnes,Coop Supermarché La Chaux-de-Fonds Eplatures,"Bd des Eplatures 20, 2300 La Chaux-de-Fonds, Switzerland",47.088749,6.8021856,Coop
Les Franches-Montagnes,Coop Supermarché CDF Fritz Courvoisier,"Rue de l'Etang 5, 2300 La Chaux-de-Fonds, Switzerland",47.108206499999994,6.8395129,Coop
Les Franches-Montagnes,Coop Supermarché La Chaux-de-Fonds Etoile,"Rue Fritz-Courvoisier 22, 2300 La Chaux-de-Fonds, Switzerland",47.1039695,6.8352186999999995,Coop
Les Franches-Montagnes,Coop Supermarché La Chaux-de-Fonds Entilles,"Av. Léopold-Robert 151, 2300 La Chaux-de-Fonds, Switzerland",47.0940015,6.8158608,Coop
Les Franches-Montagnes,Coop Supermarché Porrentruy Ajoie,"Fbg Saint-Germain 3, 2900 Porrentruy, Switzerland",47.417122299999996,7.0777000999999995,Coop
Les Franches-Montagnes,Coop Supermarché La Chaux-de-Fonds Piscine,"Rue de la Reuse 11, 2300 La Chaux-de-Fonds, Switzerland",47.095552,6.830273399999999,Coop
Les Franches-Montagnes,Coop Supermarché Moutier,"Rue Industrielle 16, 2740 Moutier, Switzerland",47.2773895,7.3683381,Coop
Les Franches-Montagnes,Centre des Entilles,"Av. Léopold-Robert 151, 2300 La Chaux-de-Fonds, Switzerland",47.0944444,6.8166667,Coop
Porrentruy,Coop Pronto Porrentruy Gare,"Pl. de la Gare 5, 2900 Porrentruy, Switzerland",47.4213823,7.0802267,Coop
Porrentruy,Coop Supermarché Coop Alle,"Rte de Porrentruy 9, 2942 Alle, Switzerland",47.425799999999995,7.12407,Coop
Porrentruy,Coop Pronto avec station-service Porrentruy,"Rte de Courgenay 18, 2900 Porrentruy, Switzerland",47.4158208,7.0796806,Coop
Moutier,Coop Pronto avec station-service Moutier,"Rue de Soleure 60, 2740 Moutier, Switzerland",47.280147,7.3896584999999995,Coop
Affoltern,Lidl Schweiz,"Centralweg 3, 8910 Affoltern am Albis, Switzerland",47.2780069,8.4530301,Lidl
Affoltern,Lidl Schweiz,"Wehntalerstrasse 625, 8046 Zürich, Switzerland",47.4223919,8.4991596,Lidl
Andelfingen,Lidl Schweiz,"Tössallmend 2a, 8413 Neftenbach, Switzerland",47.519259999999996,8.65762,Lidl
Andelfingen,Lidl Schweiz,"Im Majorenacker 16, 8207 Schaffhausen, Switzerland",47.717287999999996,8.661565399999999,Lidl
Andelfingen,Volg Andelfingen,"Thurtalstrasse 3, 8450 Andelfingen, Switzerland",47.594975399999996,8.679372899999999,Volg
Andelfingen,Lidl Schweiz,"Im Schönengrund 3, 8409 Winterthur, Switzerland",47.49897,8.7636,Lidl
Andelfingen,Lidl,"In der Au 10, 8406 Winterthur, Switzerland",47.48612,8.70438,Lidl
Andelfingen,Lidl Schweiz,"Langfeldstrasse 70, 8500 Frauenfeld, Switzerland",47.5655874,8.9076819,Lidl
Andelfingen,Lidl,"Lägernstrasse 4, 8154 Oberglatt, Switzerland",47.4754,8.50648,Lidl
Andelfingen,Lidl,"Schaffhauserstrasse 165, 8302 Kloten, Switzerland",47.45478,8.579279999999999,Lidl
Andelfingen,Lindenmühle Naturprodukte,"Landstrasse 39, 8450 Andelfingen, Switzerland",47.594257999999996,8.678469,Others
Andelfingen,Lidl Schweiz,"Grabenstrasse 2, 8184 Bachenbülach, Switzerland",47.504259999999995,8.54176,Lidl
Andelfingen,Lidl,"Neue Winterthurerstrasse 2, 8304 Wallisellen, Switzerland",47.41238,8.61366,Lidl
Bülach,Lidl Schweiz,"Feldstrasse 89, 8180 Bülach, Switzerland",47.509319999999995,8.54092,Lidl
Dielsdorf,Lidl,"Grütpark, Adlikerstrasse 295, 8105 Regensdorf, Switzerland",47.44435,8.46523,Lidl
Dielsdorf,Lidl Schweiz,"Grünaustrasse, 8953 Dietikon, Switzerland",47.4103923,8.4042087,Lidl
Dielsdorf,Lidl Schweiz,"Schwimmbadstrasse 29, 5430 Wettingen, Switzerland",47.46167,8.31073,Lidl
Dielsdorf,ALDI SUISSE,"Ruchwiesenstrasse 5/7, 8157 Dielsdorf, Switzerland",47.4819575,8.4663398,ALDI
Hinwil,Lidl Schweiz,"Grubenstrasse 18, 8620 Wetzikon, Switzerland",47.314969999999995,8.79602,Lidl
Hinwil,Lidl Schweiz,"Obere Bahnhofstrasse 58-62, 8640 Rapperswil-Jona, Switzerland",47.22817,8.820230000000002,Lidl
Hinwil,Lidl Schweiz,"Feldlistrasse 5, 8645 Jona SG, Switzerland",47.22932,8.8469,Lidl
Hinwil,Lidl Schweiz,"Schützenhausstrasse 7, 8330 Pfäffikon, Switzerland",47.3660627,8.7706745,Lidl
Horgen,Lidl Schweiz,"Seestrasse 83 / 93, 8810 Horgen, Switzerland",47.263099999999994,8.59114,Lidl
Meilen,Prima Meilen Dorf,"Dorfstrasse 78, 8706 Meilen, Switzerland",47.269796799999995,8.6425304,Others
Uster,Lidl Schweiz,"Gschwaderstrasse 24, 8610 Uster, Switzerland",47.356550000000006,8.71112,Lidl
Dietikon,Lidl,"Reitmenstrasse 5, 8952 Schlieren, Switzerland",47.3993447,8.4324879,Lidl
Zürich,LIDL Switzerland - Zurich,"Fraumünsterstrasse 16, 8001 Zürich, Switzerland",47.3688262,8.5411485,Lidl
Zürich,Lidl,"Pflanzschulstrasse 7, 8004 Zürich, Switzerland",47.375319999999995,8.51935,Lidl
Zürich,Lidl Schweiz,"Freihofstrasse 25, 8048 Zürich, Switzerland",47.38447,8.50078,Lidl
Zürich,Lidl Schweiz,"Grubenstrasse 28, 8045 Zürich, Switzerland",47.361779999999996,8.51493,Lidl
Zürich,Lidl Schweiz,"Förrlibuckstrasse, Hardturmstrasse 62, 8005 Zürich, Switzerland",47.39252,8.51569,Lidl
Zürich,Lidl Schweiz,"Hofwiesenstrasse 350, 8050 Zürich, Switzerland",47.4105,8.542729999999999,Lidl
Zürich,Lidl,"Ueberlandstrasse 381, 8051 Zürich, Switzerland",47.4078526,8.585158,Lidl
Zürich,Lidl Schweiz,"Ohmstrasse 11, 8050 Zürich, Switzerland",47.41035,8.54581,Lidl
Zürich,Lidl Schweiz,"Zürcherstrasse 133, 8952 Schlieren, Switzerland",47.397529999999996,8.46486,Lidl
Seeland,Lidl Schweiz,"Bahnhofstrasse 11, 3250 Lyss, Switzerland",47.075849999999996,7.305960000000001,Lidl
Bern-Mittelland,Lidl Schweiz,"Weiermattstrasse 40, 3027 Bern, Switzerland",46.94838,7.3773,Lidl
Bern-Mittelland,Lidl Schweiz,"Spitalgasse 47/51, 3011 Bern, Switzerland",46.947489999999995,7.44095,Lidl
Bern-Mittelland,Lidl Schweiz,"Freiburgstrasse 170, 3008 Bern, Switzerland",46.9432921,7.404992300000001,Lidl
Bern-Mittelland,Lidl Schweiz,"Schlossstrasse 115b, 3008 Bern, Switzerland",46.943808999999995,7.411861999999999,Lidl
Bern-Mittelland,Lidl,"Im Breitenacker 3, 3122 Kehrsatz, Switzerland",46.916599999999995,7.46625,Lidl
Bern-Mittelland,Lidl Schweiz,"Bernstrasse 119, 3072 Ostermundigen, Switzerland",46.95885,7.496440000000001,Lidl
Oberaargau,Lidl Schweiz,"Bernstrasse 140, 4852 Rothrist, Switzerland",47.305319999999995,7.88555,Lidl
Oberaargau,Lidl Schweiz,"Bifangweg 33, 4702 Oensingen, Switzerland",47.290639999999996,7.73034,Lidl
Biel/Bienne,Lidl Suisse,"Nidaugasse 50, 2502 Biel, Switzerland",47.138549999999995,7.246379999999999,Lidl
Biel/Bienne,Lidl Biel - Friedweg,"Friedweg 8, 2503 Biel, Switzerland",47.13135,7.253240000000001,Lidl
Emmental,Lidl Schweiz,"Lyssachstrasse 23, 3400 Burgdorf, Switzerland",47.058974299999996,7.6217117,Lidl
Emmental,Lidl Schweiz,"Wychelstrasse 1, 3800 Matten bei Interlaken, Switzerland",46.68094,7.85741,Lidl
Emmental,Lidl Schweiz,"Alte Bernstrasse 28, 2558 Aegerten, Switzerland",47.11815,7.291650000000001,Lidl
Emmental,Lidl,"Weinberglistrasse 4, 6005 Luzern, Switzerland",47.04165,8.3166,Lidl
Emmental,Lidl Schweiz,"Wydenmatt 1, 6130 Willisau, Switzerland",47.13062,7.99972,Lidl
Emmental,Lidl Schweiz,"Moosweg 1, 3645 Thun, Switzerland",46.72595,7.6168499999999995,Lidl
Emmental,Lidl Schweiz,"Alte Lyss-Strasse 7, 3270 Aarberg, Switzerland",47.05236,7.28572,Lidl
Emmental,Lidl Schweiz,"Louis Giroud-Strasse 25, 4600 Olten, Switzerland",47.34686,7.91042,Lidl
Emmental,Lidl Schweiz,"Thunstrasse 14, + 16, 3700 Spiez, Switzerland",46.69011,7.673419999999999,Lidl
Emmental,Lidl Schweiz,"Kreuzmatte 3, 6260 Reiden, Switzerland",47.24668,7.960750000000001,Lidl
Emmental,Lidl Schweiz,"Seetalpl. 1, 6020 Emmenbrücke, Switzerland",47.06848,8.28042,Lidl
Emmental,Lidl Schweiz,"Mittlere Str. 76, 3600 Thun, Switzerland",46.75604,7.61318,Lidl
Emmental,Lidl Schweiz,"Holzackerstrasse 2, 4562 Biberist, Switzerland",47.19011,7.55248,Lidl
Jura bernois,Lidl,"Grand-Rue 64, 2732 Reconvilier, Switzerland",47.234809999999996,7.229109999999999,Lidl
Jura bernois,Lidl Schweiz,"Rte de Moutier 11b, 2800 Delémont, Switzerland",47.36286,7.35131,Lidl
Jura bernois,Lidl Moutier,"Rue Industrielle 18, 2740 Moutier, Switzerland",47.276202,7.365855,Lidl
Jura bernois,Lidl Schweiz,"Rämismatte 21, 3232 Ins, Switzerland",46.997679999999995,7.107539999999999,Lidl
Jura bernois,Lidl Schweiz,"Solothurnstrasse 45, 2540 Grenchen, Switzerland",47.19345570000001,7.399823899999999,Lidl
Jura bernois,Lidl Suisse,"Rue du Cygne 8, 2300 La Chaux-de-Fonds, Switzerland",47.10161,6.82656,Lidl
Jura bernois,Lidl,"Chem. Fin du Mossard 3, 1796 Courgevaux, Switzerland",46.91739,7.10647,Lidl
Obersimmental-Saanen,ALDI SUISSE,"Thunstrasse 29c, 3770 Zweisimmen, Switzerland",46.5620225,7.374978199999998,ALDI
Obersimmental-Saanen,Lidl,"Rue de Vevey 120, 1630 Bulle, Switzerland",46.615320000000004,7.05066,Lidl
Obersimmental-Saanen,Lidl Suisse,"Rue Centrale 1, 1845 Noville, Switzerland",46.38756060000001,6.9214025999999995,Lidl
Obersimmental-Saanen,Lidl,"Chem. de la Zima 5, 1860 Aigle, Switzerland",46.3189144,6.9620045,Lidl
Obersimmental-Saanen,Lidl,"Rte de Sion 81, 3960 Sierre, Switzerland",46.284532,7.516400999999999,Lidl
Obersimmental-Saanen,Lidl Suisse,"Rte des Rottes 38, 1964 Conthey, Switzerland",46.22315,7.30442,Lidl
Entlebuch,Lidl Schweiz,"Pilatusstrasse 14b, 6060 Sarnen, Switzerland",46.90128,8.2483,Lidl
Entlebuch,Lidl,"Zürichstrasse 5, 6004 Luzern, Switzerland",47.05636,8.31017,Lidl
Entlebuch,Lidl,"Buchenstrasse 2, 6210 Sursee, Switzerland",47.174229999999994,8.09931,Lidl
Entlebuch,Lidl Schweiz,"Dorfstrasse 75, 6035 Perlen, Switzerland",47.10389,8.34961,Lidl
Entlebuch,Lidl Schweiz,"Luzernerstrasse 26, 6010 Kriens, Switzerland",47.03368,8.28218,Lidl
Entlebuch,Lidl Schweiz,"Huwil 2, 6027 Römerswil, Switzerland",47.16401,8.277809999999999,Lidl
Entlebuch,Lidl Schweiz,"Mühlebachstrasse 2, 6370 Stans, Switzerland",46.96769,8.35738,Lidl
Entlebuch,Lidl Schweiz,"Allmendstrasse 3, 6048 Horw, Switzerland",47.01909,8.30736,Lidl
Entlebuch,Lidl Schweiz,"Zentralstrasse 32, 6030 Ebikon, Switzerland",47.08286,8.34334,Lidl
Kt. Uri,Lidl Schweiz,"Bahnhofstrasse 45, 6454 Flüelen, Switzerland",46.895199999999996,8.623949999999999,Lidl
Kt. Uri,Lidl Schweiz,"Gotthardstrasse 1, 6438 Ingenbohl, Switzerland",47.00109,8.61117,Lidl
Kt. Uri,Lidl Schweiz,"Bahnhofstrasse 192, 6423 Schwyz, Switzerland",47.03096,8.627329999999999,Lidl
Kt. Uri,Lidl Schweiz,"Zugerstrasse 62, 6403 Küssnacht, Switzerland",47.10627,8.45086,Lidl
Kt. Uri,Lidl Schweiz,"Zürcherstrasse 68, 8852 Altendorf, Switzerland",47.193549999999995,8.81873,Lidl
Kt. Uri,Lidl Schweiz,"Gotthardstrasse 2, 6300 Zug, Switzerland",47.172239999999995,8.51749,Lidl
Einsiedeln,Lidl Schweiz,"Zürichstrasse 73, 8840 Einsiedeln, Switzerland",47.13825,8.745949999999999,Lidl
Gersau,Lidl Schweiz,"Sagistrasse 10, 6340 Baar, Switzerland",47.184639999999995,8.5185,Lidl
Gersau,Lidl Schweiz,"Bullenbergstrasse 2, 5610 Wohlen, Switzerland",47.34803,8.26136,Lidl
Kt. Glarus,Lidl Schweiz,"Säumergutstrasse 1, 8718 Schänis, Switzerland",47.15514,9.03906,Lidl
Kt. Zug,Lidl Schweiz,"Hinterbergstrasse 19, 6330 Cham, Switzerland",47.18756,8.47784,Lidl
La Broye,Lidl Suisse,"Charrière d'Estavayer 19, 1530 Payerne, Switzerland",46.82776,6.9289,Lidl
La Broye,Lidl Suisse,"Chem. des Maladières 18, 2022 Bevaix, Switzerland",46.92205,6.8067899999999995,Lidl
La Broye,Lidl Suisse,"Imp. de la Sablière 2, 1753 Matran, Switzerland",46.78286,7.09589,Lidl
La Broye,Lidl Suisse,"Rte de l'Ancienne Ferme 6, 1680 Romont, Switzerland",46.68855,6.90796,Lidl
La Broye,Lidl Suisse,"Rte des Ecoles 47, 1723 Marly, Switzerland",46.78292,7.14745,Lidl
La Broye,Lidl,"Rte de Lausanne 4, 1400 Yverdon-les-Bains, Switzerland",46.7681,6.65151,Lidl
La Broye,Lidl Suisse,"Rte Jo Siffert 6, 1762 Givisiez, Switzerland",46.815419999999996,7.12663,Lidl
La Broye,Lidl Suisse,"Rue de l'Ecluse 30/38, 2000 Neuchâtel, Switzerland",46.992779999999996,6.92542,Lidl
La Broye,Lidl Suisse,"Chem. du Devin 17, 1510 Moudon, Switzerland",46.660982600000004,6.795507199999999,Lidl
La Broye,Lidl Suisse,"Av. de Tivoli 3, 1700 Fribourg, Switzerland",46.80456,7.1528,Lidl
La Broye,Lidl Schweiz,"Industriestrasse 4, 3186 Düdingen, Switzerland",46.85397,7.18989,Lidl
La Broye,Lidl Warenverteilzentrale,"La Condémine 1, 1541 Sévaz, Switzerland",46.8345851,6.8715227,Lidl
La Broye,Lidl,"Chem. de Maillefer 38, 1052 Le Mont-sur-Lausanne, Switzerland",46.54239,6.627759999999999,Lidl
La Broye,Lidl Schweiz Logistikzentrum,"La Condémine 2, 1541 Sévaz, Switzerland",46.835404800000006,6.871707799999999,Lidl
La Broye,Lidl Suisse,"Place de la gare 7-11, 1618 Châtel-Saint-Denis, Switzerland",46.52803,6.89642,Lidl
La Glâne,Lidl Suisse,"Rte de Lausanne 2b, 1610 Oron, Switzerland",46.571039999999996,6.81698,Lidl
La Veveyse,Lidl Suisse,"Z.A. Entre deux Fossaux 2, 1868 Collombey-Muraz, Switzerland",46.264959999999995,6.95644,Lidl
La Veveyse,ALDI SUISSE,"Av. du Général-Guisan 32, 1800 Vevey, Switzerland",46.465115,6.839149,ALDI
La Veveyse,Lidl,"Chem. de l'Esparcette 5, 1023 Crissier, Switzerland",46.553529999999995,6.57294,Lidl
La Veveyse,Lidl Suisse,"Rue Saint-Martin 7, 1000 Lausanne, Switzerland",46.5220729,6.6368255,Lidl
La Veveyse,Lidl Suisse,"Rte de Neuchâtel 4B, 1032 Romanel-sur-Lausanne, Switzerland",46.5714975,6.6056417,Lidl
La Veveyse,Lidl,"Rue de Genève 33, 1003 Lausanne, Switzerland",46.5222695,6.626017999999999,Lidl
La Veveyse,Lidl,"Rue du Caudray 6, 1020 Renens, Switzerland",46.53236,6.5874500000000005,Lidl
Thal,Lidl Schweiz,"Hauptstrasse 80, 9422 Thal, Switzerland",47.48401,9.54466,Lidl
Bucheggberg,Lidl Schweiz,"Grederstrasse 29, 4512 Bellach, Switzerland",47.2116,7.510720000000001,Lidl
Dorneck,Lidl Schweiz,"Hauptstrasse 4, 4102 Binningen, Switzerland",47.5437,7.574590000000001,Lidl
Gösgen,Lidl Schweiz,"Im Grund 16, 5014 Gretzenbach, Switzerland",47.35881,7.9908199999999985,Lidl
Gösgen,Lidl Schweiz,"Nordstrasse 16/18, 4665 Oftringen, Switzerland",47.30542,7.92925,Lidl
Gösgen,Lidl Schweiz,"Winznauerstrasse 99, 4632 Trimbach, Switzerland",47.366009999999996,7.907209999999999,Lidl
Gösgen,Lidl Schweiz,"Bollistrasse 419, 5072 Oeschgen, Switzerland",47.51594000000001,8.01405,Lidl
Gösgen,Lidl Schweiz,"Neumattstrasse 13-17, 5000 Aarau, Switzerland",47.40148,8.0648,Lidl
Kt. Basel-Stadt,Lidl Schweiz,"Rebgasse 20, 4058 Basel, Switzerland",47.56043,7.59448,Lidl
Arlesheim,Lidl Schweiz,"Muttenzerstrasse 94, 4133 Pratteln, Switzerland",47.5201682,7.680174999999999,Lidl
Arlesheim,Lidl Schweiz,"Baselstrasse 43b, 4222 Zwingen, Switzerland",47.43984,7.5393099999999995,Lidl
Arlesheim,Lidl Schweiz,"Hauptstrasse 135, 4415 Lausen, Switzerland",47.47032000000001,7.765419999999999,Lidl
Liestal,Lidl Schweiz,"Hauptstrasse 23, 4461 Böckten, Switzerland",47.462525299999996,7.838778999999999,Lidl
Oberklettgau,Lidl Schweiz,"Vorhard 14, 5312 Döttingen, Switzerland",47.55696,8.250689999999999,Lidl
Oberklettgau,Lidl Schweiz,"Neumarktpl. 2, 5200 Brugg, Switzerland",47.48202,8.2087,Lidl
Oberklettgau,Lidl Baden - Bahnhofsstrasse,"Bahnhofstrasse 31, 5400 Baden, Switzerland",47.476991899999994,8.3081245,Lidl
Oberklettgau,Lidl,"Shopping Center 4, 8957 Spreitenbach, Switzerland",47.42067000000001,8.36891,Lidl
Oberklettgau,Lidl Schweiz,"Wildeggerstrasse 5, 5702 Niederlenz, Switzerland",47.40475,8.17318,Lidl
Unterklettgau,Lidl Schweiz,"Zufikerstrasse 4, 5620 Bremgarten, Switzerland",47.35152,8.350019999999999,Lidl
Vorderland,Lidl,"1730 Bedford Ave, Brooklyn, NY 11225, USA",40.663907699999996,-73.9574372,Lidl
Kt. Appenzell i.Rh.,Lidl Schweiz,"Zielstrasse 38, 9050 Appenzell, Switzerland",47.334379999999996,9.408270000000002,Lidl
St. Gallen,Lidl Schweiz,"Unterer Graben 25, 9000 St. Gallen, Switzerland",47.42809,9.37492,Lidl
St. Gallen,Lidl Schweiz,"Rorschacher Str. 154, 9000 St. Gallen, Switzerland",47.431349999999995,9.39627,Lidl
St. Gallen,Lidl Schweiz,"Lerchenfeldstrasse 11, 9014 St. Gallen, Switzerland",47.413329999999995,9.33978,Lidl
Rorschach,Lidl,"Pündtstrasse 7, 9320 Arbon, Switzerland",47.49878,9.42071,Lidl
Rorschach,Lidl Schweiz,"Kreuzlingerstrasse 48, 8590 Romanshorn, Switzerland",47.5711209,9.3665067,Lidl
Rorschach,Lidl Schweiz,"Arbonerstrasse 25, 9300 Wittenbach, Switzerland",47.463609999999996,9.393839999999999,Lidl
Rorschach,Lidl Schweiz,"Rosenbergsaustrasse 1, 9443 Widnau, Switzerland",47.4167109,9.634298099999999,Lidl
Rorschach,Lidl Schweiz,"Im Gehrenhof 2, 9450 Lüchingen, Switzerland",47.38789,9.56062,Lidl
Werdenberg,Lidl Schweiz,"Eichenaustrasse 35, 9470 Buchs, Switzerland",47.17772,9.46785,Lidl
Werdenberg,Lidl Schweiz,"Bahnweg N 15, 9475 Sevelen, Switzerland",47.12628000000001,9.49535,Lidl
Sarganserland,Lidl,"Lochrietstrasse 29, 8890 Flums, Switzerland",47.09697,9.35487,Lidl
Sarganserland,Lidl Schweiz,"Wuhrstrasse 22, 7302 Landquart, Switzerland",46.96874,9.569659999999999,Lidl
See-Gaster,Lidl Schweiz,"Zürcherstrasse 29c, 8854 Siebnen, Switzerland",47.1760301,8.893156,Lidl
See-Gaster,Lidl Schweiz,"Hügsamstrasse 11, 8833 Samstagern, Switzerland",47.196059999999996,8.67986,Lidl
See-Gaster,Lidl Schweiz,"Rietwisstrasse 5, 9630 Wattwil, Switzerland",47.29765,9.0914,Lidl
See-Gaster,Lidl Schweiz,"Steinacherstrasse 147, 8820 Wädenswil, Switzerland",47.23659,8.63606,Lidl
See-Gaster,Lidl Schweiz,"Müllerenstrasse 5, 8604 Volketswil, Switzerland",47.37914,8.677349999999999,Lidl
See-Gaster,Lidl Schweiz,"Glärnischstrasse 5, 9535 Wilen, Switzerland",47.45388,9.04135,Lidl
See-Gaster,Lidl Schweiz,"Soodring 25, 8134 Adliswil, Switzerland",47.31957,8.5204,Lidl
See-Gaster,Lidl,"Waldburgstrasse 11, 9244 Niederuzwil, Switzerland",47.4422,9.14623,Lidl
Toggenburg,Lidl Schweiz,"Frauenfelderstrasse 20c, 9542 Münchwilen, Switzerland",47.48180000000001,8.992149999999999,Lidl
Toggenburg,Lidl Schweiz,"Cilanderstrasse 8, 9100 Herisau, Switzerland",47.386199999999995,9.27418,Lidl
Toggenburg,Lidl Schweiz,"St. Gallerstrasse 244, 9200 Gossau, Switzerland",47.41305,9.27137,Lidl
Bernina,Lidl Schweiz,"Via Grevas 9b, 7500 St. Moritz, Switzerland",46.489439999999995,9.835469999999999,Lidl
Surselva,Lidl Schweiz,"Isla 36, 7151 Schluein, Switzerland",46.77862,9.221739999999999,Lidl
Viamala,Lidl Schweiz,"Ital. Str. 25, 7430 Thusis, Switzerland",46.710139999999996,9.43596,Lidl
Plessur,Lidl Schweiz,"Ringstrasse 34, 7000 Chur, Switzerland",46.85351,9.51441,Lidl
Kulm,Lidl Schweiz,"Aarauerstrasse 52, 5734 Reinach, Switzerland",47.26448,8.176660000000002,Lidl
Kulm,Lidl Schweiz,"Hauptstrasse 2, 5502 Hunzenschwil, Switzerland",47.3871,8.13604,Lidl
Kulm,Lidl Schweiz,"Aarauerstrasse 36, 5630 Muri, Switzerland",47.279399999999995,8.336179999999999,Lidl
Kulm,Lidl,"Gattikonerstrasse 135, 8136 Gattikon, Switzerland",47.282959999999996,8.54392,Lidl
Kulm,Lidl Schweiz,"Alte Bremgartenstrasse 10b, 8964 Rudolfstetten-Friedlisberg, Switzerland",47.368640000000006,8.38021,Lidl
Kulm,Lidl Schweiz,"Im Langacker 19, 5405 Baden, Switzerland",47.456559999999996,8.286819999999999,Lidl
Weinfelden,Lidl Schweiz,"Walkestrasse 28, 8570 Weinfelden, Switzerland",47.56474,9.0964972,Lidl
Kreuzlingen,Lidl Schweiz,"Seetalstrasse 90, 8280 Kreuzlingen, Switzerland",47.640699999999995,9.199489999999999,Lidl
Bellinzona,Lidl,"Viale Camillo Olgiati 44, 6512 Giubiasco, Switzerland",46.1815,9.018139999999999,Lidl
Bellinzona,Lidl,"Via Serrai 8, 6592 Sant'Antonino, Switzerland",46.153704399999995,8.9655805,Lidl
Bellinzona,Lidl,"Via San Gottardo 6, 6532 Arbedo-Castione, Switzerland",46.22512,9.04294,Lidl
Blenio,Lidl,"Via Stefano Franscini 3, 6710 Biasca, Switzerland",46.351839999999996,8.9724,Lidl
Blenio,Lidl Supermarket,"Via S. Gottardo 145, 6648 Minusio, Switzerland",46.17855,8.81973,Lidl
Blenio,Lidl Svizzera,"Via Stradonino 1, 6595 Lavertezzo, Switzerland",46.17438,8.88663,Lidl
Blenio,Lidl,"Via Danas 3, 6929 Gravesano, Switzerland",46.042440000000006,8.923309999999999,Lidl
Blenio,Lidl Svizzera,"Via Vallemaggia 15, 6600 Locarno, Switzerland",46.169477699999995,8.7880297,Lidl
Blenio,Lidl,"Via la Santa 37, 6962 Lugano, Switzerland",46.01281,8.96592,Lidl
Blenio,Lidl Svizzera,"Via Ferrera 108, 6612 Ascona, Switzerland",46.16391,8.77483,Lidl
Blenio,Lidl Svizzera,"Via Ponte Tresa 35, 6924 Sorengo, Switzerland",45.996499799999995,8.9355607,Lidl
Blenio,Lidl Svizzera,"Via Giacomo Brentani 14, 6900 Lugano, Switzerland",46.0187011,8.960413899999999,Lidl
Mendrisio,Lidl,"Via Giorgio Bernasconi, 6850 Mendrisio, Switzerland",45.86476,8.9756,Lidl
Morges,Lidl Suisse,"Promenade de Castellane 8, 1110 Morges, Switzerland",46.511759999999995,6.49526,Lidl
Nyon,Lidl,"Av. du Mont-Blanc 35, 1196 Gland, Switzerland",46.41889,6.27462,Lidl
Gros-de-Vaud,Lidl Suisse,"Chem. du Croset 7, 1024 Ecublens, Switzerland",46.53411,6.56475,Lidl
Gros-de-Vaud,Lidl,"Rte d'Allaman 41, 1163 Etoy, Switzerland",46.474399999999996,6.41372,Lidl
Gros-de-Vaud,Lidl Suisse,"Av. des Baumettes 21, 1020 Renens, Switzerland",46.54391,6.5889,Lidl
Brig,Lidl Schweiz,"Industriestrasse 30, 3900 Brig-Glis, Switzerland",46.3071802,7.962745699999998,Lidl
Martigny,Lidl,"Rue du Levant 145, 1920 Martigny, Switzerland",46.10268,7.0894699999999995,Lidl
Raron,Lidl,"2375 US-22, Union, NJ 07083, USA",40.6913118,-74.2947634,Lidl
Visp,Lidl Schweiz,"Kantonsstrasse 49, 3930 Visp, Switzerland",46.293573699999996,7.8937669,Lidl
Cant. de Genève,Lidl,"Rue Prévost-Martin 61, 1205 Genève, Switzerland",46.1917846,6.1448424,Lidl
Cant. de Genève,Lidl,"Rue de Lausanne 45-47, 1201 Genève, Switzerland",46.21368,6.14535,Lidl
Cant. de Genève,Lidl,"Rte des Acacias 43, 1227 Genève, Switzerland",46.18945,6.131069999999999,Lidl
Cant. de Genève,Lidl,"Ave de l'Etang 55, 1219 Châtelaine, Switzerland",46.216269999999994,6.10445,Lidl
Cant. de Genève,Lidl,"Rte de Chancy 71/77, 1213 Petit-Lancy, Switzerland",46.188159999999996,6.11077,Lidl
Cant. de Genève,Lidl,"Chemin de Mouille-Galand 1, 3 5, 1214 Vernier, Switzerland",46.21389,6.079409999999999,Lidl
Cant. de Genève,Lidl Suisse,"Chemin Emilie-de-Morsier 10, 1219 Vernier, Switzerland",46.208529999999996,6.109789999999999,Lidl
Porrentruy,ALDI SUISSE,"Fbg Saint-Germain 2, 2900 Porrentruy, Switzerland",47.4161359,7.0779123,ALDI
Porrentruy,Coop Supermarché Porrentruy Ajoie,"Fbg Saint-Germain 3, 2900 Porrentruy, Switzerland",47.417122299999996,7.0777000999999995,Coop
Porrentruy,Denner Discount,"Rue A. Merguin 16, 2900 Porrentruy, Switzerland",47.415226,7.071537999999999,Denner
Affoltern,ALDI SUISSE,"Industriestrasse 5, 8910 Affoltern am Albis, Switzerland",47.2727436,8.4470195,ALDI
Andelfingen,ALDI SUISSE,"Gennersbrunnerstraße 63, 8207 Schaffhausen, Switzerland",47.7160878,8.6645788,ALDI
Andelfingen,ALDI SUISSE,"Industriestrasse 4, 8424 Embrach, Switzerland",47.5164998,8.594326299999999,ALDI
Andelfingen,ALDI SUISSE,"Guggenbühlstrasse 6, 8404 Winterthur, Switzerland",47.51095,8.759568999999999,ALDI
Andelfingen,ALDI SUISSE,"Töss, Schlosstalstrasse 96, 8408 Winterthur, Switzerland",47.498709999999996,8.69709,ALDI
Andelfingen,ALDI SUISSE,"Industriestrasse 9, 8404 Winterthur, Switzerland",47.49655,8.75251,ALDI
Andelfingen,ALDI SUISSE,"Dammstrasse 24, 8112 Otelfingen, Switzerland",47.4594708,8.4012839,ALDI
Andelfingen,ALDI SUISSE,"Schaffhauserstrasse 152, 8400 Winterthur, Switzerland",47.518657999999995,8.719999999999999,ALDI
Andelfingen,ALDI SUISSE,"Archpl. 2, 8400 Winterthur, Switzerland",47.49854,8.723910000000002,ALDI
Andelfingen,ALDI SUISSE,"Wespenstrasse 16, 8500 Frauenfeld, Switzerland",47.563691399999996,8.8797158,ALDI
Andelfingen,ALDI SUISSE,"Grabenstrasse 5, 8184 Bachenbülach, Switzerland",47.505615999999996,8.540376,ALDI
Andelfingen,ALDI SUISSE,"Ruchwiesenstrasse 5/7, 8157 Dielsdorf, Switzerland",47.4819575,8.4663398,ALDI
Andelfingen,ALDI SUISSE,"Tösstalstrasse 11, 8488 Turbenthal, Switzerland",47.44135,8.834,ALDI
Andelfingen,ALDI SUISSE,"Hofwisenstrasse 42, 8153 Rümlang, Switzerland",47.45059,8.538269999999999,ALDI
Andelfingen,ALDI SUISSE,"Wittenwilerstrasse 45, 8355 Aadorf, Switzerland",47.49923,8.90743,ALDI
Bülach,Bülach Süd Center,"Feldstrasse 85, 8180 Bülach, Switzerland",47.510143299999996,8.5402401,Others
Hinwil,ALDI SUISSE,"Wässeristrasse 18, 8340 Hinwil, Switzerland",47.3050733,8.8232193,ALDI
Horgen,ALDI SUISSE,"Seestrasse 302/304, 8820 Wädenswil, Switzerland",47.246495599999996,8.6464308,ALDI
Horgen,ALDI SUISSE,"Soodring 36, 8134 Adliswil, Switzerland",47.316117999999996,8.520560999999999,ALDI
Horgen,Aldi SUISSE,"General-Wille-Strasse 144, 8706 Meilen, Switzerland",47.277352799999996,8.6175122,ALDI
Pfäffikon,ALDI SUISSE,"Speckstrasse 1, 8330 Pfäffikon, Switzerland",47.3700526,8.7721471,ALDI
Uster,ALDI SUISSE,"Zürichstrasse 1, 8610 Uster, Switzerland",47.348064,8.716876,ALDI
Uster,ALDI SUISSE,"Im Loren, Industriepark 10, 8610 Uster, Switzerland",47.35794,8.70798,ALDI
Winterthur,ALDI SUISSE,"Hinterdorfstrasse 40, 8405 Winterthur, Switzerland",47.48518000000001,8.763,ALDI
Dietikon,ALDI SUISSE,"Bernstrasse 378, 8953 Dietikon, Switzerland",47.385511099999995,8.3957628,ALDI
Dietikon,ALDI SUISSE,"Zürcherstrasse 55, 8953 Dietikon, Switzerland",47.4031307,8.4061107,ALDI
Zürich,ALDI SUISSE,"Zollstrasse 58, 8005 Zürich, Switzerland",47.380851,8.533306999999999,ALDI
Zürich,ALDI SUISSE,"Stadelhoferstrasse 10, 8001 Zürich, Switzerland",47.366789,8.548001,ALDI
Zürich,ALDI SUISSE,"Badenerstrasse 565, 8048 Zürich, Switzerland",47.3838103,8.4976223,ALDI
Zürich,ALDI SUISSE,"Hohlstrasse 473, 8048 Zürich, Switzerland",47.388248999999995,8.496713999999999,ALDI
Zürich,ALDI SUISSE,"Birmensdorferstrasse 313, 8055 Zürich, Switzerland",47.369592000000004,8.509188,ALDI
Zürich,Aldi,"Birmensdorferstrasse 315, 8055 Zürich, Switzerland",47.369603,8.5089115,ALDI
Zürich,ALDI SUISSE,"Mythenquai 353, 8038 Zürich, Switzerland",47.34547,8.534889,ALDI
Zürich,ALDI SUISSE,"Ueberlandstrasse 441, 8051 Zürich, Switzerland",47.40598,8.591865,ALDI
Zürich,ALDI SUISSE,"Albisstrasse 81, 8038 Zürich, Switzerland",47.340966599999994,8.530600699999999,ALDI
Zürich,ALDI SUISSE,"Binzmühlestrasse 102, 8050 Zürich, Switzerland",47.413747,8.539022,ALDI
Zürich,ALDI SUISSE,"Baumackerstrasse 35, 8050 Zürich, Switzerland",47.408989999999996,8.543716,ALDI
Zürich,ALDI SUISSE,"Wehntalerstrasse 634, 8046 Zürich, Switzerland",47.42311,8.49952,ALDI
Zürich,ALDI SUISSE,"Witikonerstr. 279, 8053 Zürich, Switzerland",47.3587097,8.5854854,ALDI
Zürich,ALDI SUISSE,"Dietlimoosplatz 1, 8134 Adliswil, Switzerland",47.3223773,8.5296561,ALDI
Zürich,ALDI SUISSE,"Schärenmoosstrasse 77, 8052 Zürich, Switzerland",47.419399999999996,8.55643,ALDI
Bern-Mittelland,ALDI SUISSE,"Eigerstrasse 82, 3007 Bern, Switzerland",46.93972,7.440690000000001,ALDI
Bern-Mittelland,ALDI SUISSE,"Murtenstrasse 143, 3008 Bern, Switzerland",46.949133499999995,7.4090178,ALDI
Bern-Mittelland,ALDI SUISSE,"Spitalgasse 34, 3011 Bern, Switzerland",46.9482122,7.441853399999999,ALDI
Bern-Mittelland,ALDI SUISSE,"Milchstrasse 2/8, 3072 Ostermundigen, Switzerland",46.96358,7.48187,ALDI
Bern-Mittelland,ALDI SUISSE,"Bernstrasse 164, 3052 Zollikofen, Switzerland",46.997549799999994,7.460114599999999,ALDI
Bern-Mittelland,ALDI SUISSE,"Stapfenstrasse 4, 3098 Köniz, Switzerland",46.9225564,7.4149138,ALDI
Bern-Mittelland,ALDI SUISSE,"Talgut-Zentrum 19, 3063 Ittigen, Switzerland",46.974309999999996,7.4817100000000005,ALDI
Bern-Mittelland,ALDI Switzerland,"Bernstrasse 46, 3076 Worb, Switzerland",46.926428800000004,7.5637796999999996,ALDI
Bern-Mittelland,ALDI SUISSE,"Industrie Neuhof 80, 3422 Kirchberg, Switzerland",47.1002776,7.5693787,ALDI
Bern-Mittelland,ALDI SUISSE,"Allmendweg 4, 3123 Belp, Switzerland",46.8920333,7.5092988,ALDI
Bern-Mittelland,ALDI SUISSE,"Stationsweg 6/7, 3627 Heimberg, Switzerland",46.781441,7.6088555,ALDI
Bern-Mittelland,ALDI Switzerland,"Bahnhofpl. 1, 3110 Münsingen, Switzerland",46.8740676,7.5600866,ALDI
Oberaargau,ALDI SUISSE,"Brauihof 22, 4900 Langenthal, Switzerland",47.2139015,7.787152499999999,ALDI
Biel/Bienne,ALDI SUISSE,"Zentralstrasse 63, 2502 Biel, Switzerland",47.1358245,7.248037899999999,ALDI
Biel/Bienne,ALDI SUISSE,"Bahnhofpl. 2A, 2502 Biel, Switzerland",47.1334015,7.241877400000001,ALDI
Emmental,ALDI SUISSE,"Sägestrasse 34, 3550 Langnau im Emmental, Switzerland",46.939769999999996,7.77968,ALDI
Jura bernois,ALDI SUISSE,"Pleine-Eau 5, 2710 Tavannes, Switzerland",47.215700299999995,7.1931084,ALDI
Jura bernois,ALDI SUISSE,"Bernstrasse 7, 3238 Gals, Switzerland",47.021446,7.043345599999999,ALDI
Jura bernois,ALDI SUISSE,"Rue du Stand 1, 2800 Delémont, Switzerland",47.3635892,7.345479900000001,ALDI
Jura bernois,ALDI,"Verger 16, 2400 Le Locle, Switzerland",47.066648199999996,6.765441900000001,ALDI
Jura bernois,ALDI SUISSE,"Thunstrasse 29c, 3770 Zweisimmen, Switzerland",46.5620225,7.374978199999998,ALDI
Jura bernois,ALDI SUISSE,"Länggasse 47, 3280 Gurwolf, Switzerland",46.917761899999995,7.108161099999999,ALDI
Jura bernois,ALDI SUISSE,"Fbg Saint-Germain 2, 2900 Porrentruy, Switzerland",47.4161359,7.0779123,ALDI
Jura bernois,ALDI SUISSE,"Lindenallee 106, 3800 Interlaken, Switzerland",46.688587899999995,7.8780402,ALDI
Jura bernois,ALDI SUISSE,"Ziegelgutstrasse 16, 3414 Oberburg, Switzerland",47.0280434,7.6335768999999996,ALDI
Jura bernois,ALDI SUISSE,"Leuzigenstrasse 4, 2540 Grenchen, Switzerland",47.1930072,7.407128799999999,ALDI
Jura bernois,ALDI SUISSE,"Bürenstrasse 9, 3250 Lyss, Switzerland",47.0762992,7.3076728,ALDI
Frutigen-Niedersimmental,Denner Discount,"Kanderstegstrasse 31, 3714 Frutigen, Switzerland",46.585542499999995,7.6483706,Denner
Frutigen-Niedersimmental,ALDI SUISSE,"Frutigenstrasse 46c, 3600 Thun, Switzerland",46.747313,7.626040899999999,ALDI
Frutigen-Niedersimmental,Coop Supermarkt Thun Strättligen Markt,"Schulstrasse 32, 3604 Thun, Switzerland",46.7402445,7.621928400000001,Coop
Frutigen-Niedersimmental,Coop Supermarkt Adelboden,"Landstrasse 13, 3715 Adelboden, Switzerland",46.4927123,7.5635471,Coop
Frutigen-Niedersimmental,Lidl Schweiz,"Thunstrasse 14, + 16, 3700 Spiez, Switzerland",46.69011,7.673419999999999,Lidl
Frutigen-Niedersimmental,Coop Supermarkt Reichenbach,"Hauptstrasse 17, 3713 Reichenbach im Kandertal, Switzerland",46.6252102,7.6905638000000005,Coop
Entlebuch,ALDI SUISSE,"Entlebucherstrasse 54, 6110 Wolhusen, Switzerland",47.0503824,8.0665456,ALDI
Hochdorf,Hochdorf EKZ,"Hauptstrasse 5, 6280 Hochdorf, Switzerland",47.166091699999996,8.2913828,Others
Luzern-Land,ALDI SUISSE,"Hertensteinstrasse 50, 6004 Luzern, Switzerland",47.054160499999995,8.3076604,ALDI
Luzern-Land,ALDI SUISSE,"Luzernerstrasse 145, 6014 Luzern, Switzerland",47.048867099999995,8.2610703,ALDI
Luzern-Land,ALDI SUISSE,"Langensandstrasse 23, 6005 Luzern, Switzerland",47.0372,8.328199999999999,ALDI
Luzern-Land,ALDI SUISSE,"Bruchstrasse 2, 6003 Luzern, Switzerland",47.0514,8.2983,ALDI
Luzern-Land,ALDI SUISSE,"Schappe Shopping Center, Kriens, Hobacherweg 2, 6010 Kriens, Switzerland",47.034299999999995,8.2728,ALDI
Luzern-Land,ALDI SUISSE,"Gwärbstrasse 4, 6038 Root, Switzerland",47.1316178,8.403156899999999,ALDI
Luzern-Land,ALDI SUISSE,"Ringstrasse 27, 6010 Kriens, Switzerland",47.024369799999995,8.2946375,ALDI
Luzern-Land,ALDI SUISSE,"Seetalstrasse 11, 6020 Emmen, Switzerland",47.070845399999996,8.2841731,ALDI
Luzern-Land,ALDI SUISSE,"Pilatusstrasse 18, 6036 Dierikon, Switzerland",47.094699999999996,8.3628,ALDI
Luzern-Land,ALDI SUISSE,"Zugerstrasse 66, 6403 Küssnacht, Switzerland",47.1072677,8.4502081,ALDI
Sursee,ALDI SUISSE,"Umfahrungsstrasse 1, 6210 Sursee, Switzerland",47.1706,8.0951,ALDI
Willisau,ALDI SUISSE,"Ettiswilerstrasse 29, 6130 Willisau, Switzerland",47.1261394,7.996547,ALDI
Kt. Uri,ALDI SUISSE,"Flüelerstrasse 34, 6460 Altdorf, Switzerland",46.887554099999996,8.634212999999999,ALDI
Einsiedeln,ALDI SUISSE,"Firststrasse 19, 8835 Feusisberg, Switzerland",47.189899999999994,8.7397,ALDI
Einsiedeln,migrolino Einsiedeln,"Bahnhofpl. 1, 8840 Einsiedeln, Switzerland",47.127949,8.7441923,Others
Einsiedeln,Denner Discount,"Einkaufszentrum, Eisenbahnstrasse 2, 8840 Einsiedeln, Switzerland",47.128711,8.745946,Denner
Einsiedeln,ALDI SUISSE,"Stachelhofstrasse 4, 8854 Siebnen, Switzerland",47.17547,8.91235,ALDI
Einsiedeln,ALDI SUISSE,"Zugerstrasse 1, 8805 Richterswil, Switzerland",47.205124,8.706727599999999,ALDI
Einsiedeln,Denner Discount,"Heidenbühl 2, 8840 Einsiedeln, Switzerland",47.1312272,8.7435765,Denner
Einsiedeln,Volg Einsiedeln,"Zürichstrasse 6, 8840 Einsiedeln, Switzerland",47.128601100000004,8.7434368,Volg
Einsiedeln,ALDI SUISSE,"Gätzlistrasse 9, 6440 Ingenbohl, Switzerland",47.0033679,8.62036,ALDI
Einsiedeln,ALDI SUISSE,"Seestrasse 61, 8708 Männedorf, Switzerland",47.25713,8.68298,ALDI
Einsiedeln,LANDI Einsiedeln AG,"Alpstrasse 4, 8840 Einsiedeln, Switzerland",47.134971799999995,8.7466805,Others
Einsiedeln,ALDI SUISSE,"Häldelistrasse 11, 8712 Stäfa, Switzerland",47.24205,8.71889,ALDI
Einsiedeln,ALDI SUISSE,"Wiesentalstrasse 2, 8730 Uznach, Switzerland",47.228989999999996,8.96571,ALDI
Einsiedeln,ALDI SUISSE,"Säumergutstrasse 3, 8718 Schänis, Switzerland",47.1553567,9.0399639,ALDI
Gersau,ALDI SUISSE,"Hansmatt 13a, 6370 Stans, Switzerland",46.9675,8.35435,ALDI
Gersau,ALDI SUISSE,"Alte Steinhauserstrasse 10, 6330 Cham, Switzerland",47.1870954,8.4756778,ALDI
Gersau,ALDI SUISSE,"Bertiswilstrasse 42, 6023 Rothenburg, Switzerland",47.1005226,8.2681192,ALDI
Gersau,ALDI SUISSE,"Kägiswilerstrasse 39, 6060 Sarnen, Switzerland",46.906,8.257,ALDI
Schwyz,Coop Supermarkt Seewen-Markt,"Steinbislin 7, 6423 Schwyz, Switzerland",47.032829299999996,8.627658799999999,Coop
Schwyz,Coop Supermarkt Schwyz,"Oberer Steisteg 2, 6430 Schwyz, Switzerland",47.020215199999996,8.6516214,Coop
Schwyz,Lidl Schweiz,"Bahnhofstrasse 192, 6423 Schwyz, Switzerland",47.03096,8.627329999999999,Lidl
Kt. Obwalden,ALDI SUISSE,"Arbonerstrasse 10, 9300 Wittenbach, Switzerland",47.461389999999994,9.39559,ALDI
Kt. Glarus,ALDI SUISSE,"Schweizerhofstrasse 14, 8750 Glarus, Switzerland",47.041402,9.070478,ALDI
Kt. Zug,ALDI SUISSE,"Obermühleweid 1, 6330 Cham, Switzerland",47.1856655,8.4556662,ALDI
Kt. Zug,ALDI SUISSE,"Oberdorfstrasse 9, 6340 Baar, Switzerland",47.1965,8.5301,ALDI
La Broye,ALDI SUISSE,"ZI Palaz B8, 1530 Payerne, Switzerland",46.8262125,6.9275167,ALDI
La Broye,ALDI,"Rte de l'Industrie 7, 1680 Romont, Switzerland",46.687200399999995,6.908264399999999,ALDI
La Broye,ALDI SUISSE,"Zweigniederlassung, Rte de l'Industrie 93, 1564 Domdidier, Switzerland",46.8759734,7.0172123,ALDI
La Broye,ALDI SUISSE,"Rte des Loisirs 1, 1762 Givisiez, Switzerland",46.8080673,7.1287535,ALDI
La Broye,ALDI SUISSE Montagny-près-Yverdon,"En Chamard 44, 1442 Montagny-près-Yverdon, Switzerland",46.791199999999996,6.6223,ALDI
La Broye,ALDI SUISSE,"Rte des Ecoles 48, 1723 Villarsel-sur-Marly, Switzerland",46.781984099999995,7.1483044,ALDI
La Broye,ALDI SUISSE Neuchâtel,"Rue des Draizes 7, 2000 Neuchâtel, Switzerland",46.9891194,6.903131500000001,ALDI
La Broye,ALDI SUISSE,"Rte de Moncor 12, 1752 Villars-sur-Glâne, Switzerland",46.7983659,7.1210379999999995,ALDI
La Broye,ALDI SUISSE,"Av. de la Gare 22, 1700 Fribourg, Switzerland",46.803384699999995,7.1536871,ALDI
La Broye,ALDI SUISSE Neuchâtel,"Rue Saint-Honoré 18, 2000 Neuchâtel, Switzerland",46.9905842,6.9304014,ALDI
La Broye,ALDI SUISSE,"Chem. de Champ-Francey 150, 1630 Bulle, Switzerland",46.6316063,7.0606376,ALDI
La Broye,ALDI SUISSE,"Murtenstrasse 39, 3186 Düdingen, Switzerland",46.8591165,7.200154800000001,ALDI
La Broye,ALDI SUISSE,"Rte de l'Intyamon 111, 1635 Bulle, Switzerland",46.601718999999996,7.074464099999999,ALDI
La Broye,ALDI SUISSE Châtillens,"Rte de Lausanne 1, 1610 Châtillens, Switzerland",46.57058,6.8171,ALDI
La Broye,ALDI SUISSE Noville,"Les Malliez 1, 1845 Noville, Switzerland",46.3850196,6.9200843,ALDI
Thal,ALDI SUISSE,"Knotternstrasse 4, 9423 Thal, Switzerland",47.484880000000004,9.548240000000002,ALDI
Bucheggberg,ALDI SUISSE,"Bahnhofstrasse 8, 4563 Gerlafingen, Switzerland",47.171023899999994,7.5675603,ALDI
Dorneck,ALDI SUISSE,"Liebmattstrasse 7, 4202 Duggingen, Switzerland",47.4564415,7.6051965,ALDI
Dorneck,ALDI SUISSE,"Arlesheimerstrasse 11, 4147 Aesch, Switzerland",47.479407099999996,7.5962435,ALDI
Dorneck,ALDI SUISSE,"Dornacherstrasse 258, 4053 Basel, Switzerland",47.54052,7.59742,ALDI
Gösgen,ALDI SUISSE,"Im Grund 18, 5014 Gretzenbach, Switzerland",47.358820099999996,7.9891144999999995,ALDI
Gösgen,ALDI SUISSE,"Feldstrasse 5, 5036 Oberentfelden, Switzerland",47.3574832,8.055965,ALDI
Gösgen,ALDI SUISSE,"Spitalweidstrasse 1, 4665 Oftringen, Switzerland",47.310787999999995,7.925436,ALDI
Gösgen,ALDI SUISSE,"Industriestrasse 1, 5000 Aarau, Switzerland",47.3926,8.0582,ALDI
Gösgen,ALDI SUISSE,"Solothurnerstrasse 201, 4600 Olten, Switzerland",47.3485,7.891,ALDI
Gösgen,ALDI SUISSE,"Fabrikweg 16, 5033 Buchs, Switzerland",47.3871116,8.0815281,ALDI
Gösgen,ALDI SUISSE,"Lindenhagstrasse 1, 4622 Egerkingen, Switzerland",47.32410000000001,7.803700000000001,ALDI
Gösgen,ALDI SUISSE,"Lenzburgerstrasse 2, 5702 Niederlenz, Switzerland",47.397999999999996,8.1782,ALDI
Gösgen,ALDI SUISSE,"Neue Aarburgerstrasse 22, 4852 Rothrist, Switzerland",47.3064525,7.886419899999999,ALDI
Gösgen,ALDI SUISSE,"Wambisterstrasse 5, 5412 Gebenstorf, Switzerland",47.4890958,8.244148,ALDI
Gösgen,ALDI SUISSE,"Grenzweg 3, 5612 Villmergen, Switzerland",47.3497923,8.2587294,ALDI
Gösgen,ALDI SUISSE,"Mühlefeldstrasse 15, 4702 Oensingen, Switzerland",47.288635,7.717958999999999,ALDI
Gösgen,ALDI SUISSE,"Hauptstrasse 132, 5070 Frick, Switzerland",47.5014245,8.0322959,ALDI
Gösgen,ALDI SUISSE,"Birmenstorferstrasse 1, 5442 Fislisbach, Switzerland",47.4385445,8.2915381,ALDI
Gösgen,ALDI SUISSE,"Lägernstrasse 5, 5610 Wohlen, Switzerland",47.358407199999995,8.272755199999999,ALDI
Gösgen,ALDI SUISSE,"Sonnrain 4, 6232 Geuensee, Switzerland",47.200869999999995,8.10703,ALDI
Gösgen,ALDI SUISSE,"Landstrasse 99, 5430 Wettingen, Switzerland",47.4659,8.327499999999999,ALDI
Wasseramt,ALDI SUISSE,"Bellacherstrasse 4, 4513 Langendorf, Switzerland",47.2163687,7.5132449999999995,ALDI
Solothurn,ALDI SUISSE,"Dornacherstrasse 26/28, 4500 Solothurn, Switzerland",47.203992799999995,7.5407386999999995,ALDI
Kt. Basel-Stadt,ALDI SUISSE,"Webergasse 34, 4058 Basel, Switzerland",47.5620701,7.592274999999999,ALDI
Kt. Basel-Stadt,ALDI SUISSE,"St. Jakob-Strasse 397, 4052 Basel, Switzerland",47.5411407,7.619890900000001,ALDI
Kt. Basel-Stadt,ALDI SUISSE,"Türkheimerstrasse 6, 4055 Basel, Switzerland",47.55751,7.57461,ALDI
Arlesheim,ALDI SUISSE,"Oberwilerstrasse 40, 4106 Therwil, Switzerland",47.5039735,7.554800800000001,ALDI
Arlesheim,ALDI SUISSE,"Binningerstrasse 86, 4123 Allschwil, Switzerland",47.547329700000006,7.546852400000001,ALDI
Arlesheim,ALDI SUISSE,"Hegenheimermattweg 183, 4123 Allschwil, Switzerland",47.5630204,7.555911600000001,ALDI
Liestal,ALDI SUISSE,"Parkstrasse 2, 4402 Frenkendorf, Switzerland",47.50076,7.72171,ALDI
Liestal,ALDI SUISSE,"Hauptstrasse 8, 4415 Lausen, Switzerland",47.474733,7.7512896,ALDI
Sissach,ALDI SUISSE,"Kantonsstrasse 7, 4416 Bubendorf, Switzerland",47.4614,7.73996,ALDI
Sissach,Denner Discount,"Hauptstrasse 17, 4450 Sissach, Switzerland",47.4622573,7.816979700000001,Denner
Sissach,Interdiscount Sissach,"Gewerbestrasse 8, 4450 Sissach, Switzerland",47.4666956,7.802437800000001,Others
Sissach,JUMBO Sissach,"Gewerbestrasse 8, 4450 Sissach, Switzerland",47.4665451,7.801842400000001,Others
St. Gallen,ALDI SUISSE,"Lerchentalstrasse 14, 9016 St. Gallen, Switzerland",47.4433393,9.4166934,ALDI
St. Gallen,ALDI SUISSE,"Neumarkt, St. Leonhard-Strasse 39, 9000 St. Gallen, Switzerland",47.422046099999996,9.3699317,ALDI
St. Gallen,ALDI SUISSE,"Bruggen, Fürstenlandstrasse 149, 9014 St. Gallen, Switzerland",47.4105913,9.3378619,ALDI
St. Gallen,ALDI SUISSE,"Shopping Arena, Zürcherstrasse 462, 9015 St. Gallen, Switzerland",47.408303,9.305735,ALDI
Rorschach,ALDI SUISSE,"St. Gallerstrasse 43, 9400 Rorschach, Switzerland",47.478111,9.482097,ALDI
Rheintal,ALDI SUISSE,"Balgacherstrasse 205, 9435 Balgach, Switzerland",47.40891,9.62373,ALDI
Werdenberg,ALDI SUISSE,"Churerstrasse 12, 9470 Buchs, Switzerland",47.16376,9.47355,ALDI
Werdenberg,ALDI SUISSE,"Bahnweg S 1, 9475 Sevelen, Switzerland",47.12499,9.49662,ALDI
Sarganserland,ALDI SUISSE,"Lochrietstrasse 18, 8890 Flums, Switzerland",47.097601,9.353066,ALDI
See-Gaster,ALDI SUISSE,"Spitalstrasse 60, 8630 Rüti, Switzerland",47.26061,8.839269999999999,ALDI
See-Gaster,ALDI SUISSE,"Isenrietstrasse 20, 8617 Mönchaltorf, Switzerland",47.30345,8.71871,ALDI
See-Gaster,ALDI SUISSE,"Oberdorf 54, 8752 Näfels, Switzerland",47.092285,9.058341,ALDI
See-Gaster,ALDI SUISSE,"Rietwisstrasse 11, 9630 Wattwil, Switzerland",47.296239799999995,9.0924626,ALDI
See-Gaster,ALDI SUISSE,"Motorenstrasse 99, 8620 Wetzikon, Switzerland",47.331964799999994,8.7925841,ALDI
See-Gaster,ALDI SUISSE,"Usterstrasse 51, 8604 Volketswil, Switzerland",47.38095,8.683510000000002,ALDI
See-Gaster,ALDI SUISSE,"Dorfpl. 14, 8126 Zumikon, Switzerland",47.3324089,8.623478799999999,ALDI
Toggenburg,ALDI SUISSE,"Wilerstrasse 50, 9602 Bazenheid, Switzerland",47.4165924,9.0654694,ALDI
Toggenburg,ALDI SUISSE,"Breitestrasse 5, 9532 Rickenbach, Switzerland",47.4460778,9.0522346,ALDI
Toggenburg,ALDI SUISSE,"Wilerstrasse 98, 8370 Sirnach, Switzerland",47.46262790000001,9.0207785,ALDI
Toggenburg,ALDI SUISSE,"Grossacker 2, 9244 Niederuzwil, Switzerland",47.44455,9.147639999999999,ALDI
Toggenburg,ALDI SUISSE,"Obere Bahnhofstrasse 19, 9500 Wil, Switzerland",47.464059999999996,9.043289999999999,ALDI
Toggenburg,ALDI SUISSE,"Wilerstrasse 117, 9230 Flawil, Switzerland",47.41565,9.180109999999999,ALDI
Toggenburg,ALDI SUISSE,"Herbergstrasse 26, 9524 Zuzwil, Switzerland",47.469982099999996,9.1100496,ALDI
Toggenburg,ALDI SUISSE,"Cilanderstrasse 10, 9100 Herisau, Switzerland",47.387338,9.274068,ALDI
Toggenburg,ALDI SUISSE,"Wilerstrasse 82, 9200 Gossau, Switzerland",47.41787,9.2361,ALDI
Albula,ALDI SUISSE,"Ital. Str. 2A, 7430 Thusis, Switzerland",46.7105913,9.4373047,ALDI
Albula,ALDI SUISSE,"Bahnhofstrasse 4A, 7270 Davos, Switzerland",46.79222,9.819569999999999,ALDI
Albula,ALDI SUISSE,"Rheinfelsstrasse 4, 7000 Chur, Switzerland",46.8509934,9.5126393,ALDI
Albula,ALDI SUISSE,"Cho d'Punt 43, 7503 Samedan, Switzerland",46.52887,9.87473,ALDI
Albula,ALDI SUISSE,"Kasernenstrasse 53, 7000 Chur, Switzerland",46.8467,9.52188,ALDI
Albula,ALDI SUISSE,"Schulstrasse 82, 7302 Landquart, Switzerland",46.956039999999994,9.56444,ALDI
Albula,ALDI SUISSE,"Ringstrasse 2/4, 7000 Chur, Switzerland",46.851823200000005,9.5126487,ALDI
Albula,ALDI SUISSE,"Grüneck 2, 7130 Ilanz/Glion, Switzerland",46.77531,9.19152,ALDI
Albula,ALDI,"Via S. Bernardino 18, 6532 Arbedo-Castione, Switzerland",46.2237,9.0502,ALDI
Albula,ALDI SUISSE,"Via Chiodenda 7, 6982 Agno, Switzerland",45.9961311,8.9044171,ALDI
Albula,ALDI SUISSE,"Via della Posta 12, 6600 Locarno, Switzerland",46.1678,8.7974,ALDI
Maloja,ALDI,"Via Bellinzona 46, 6710 Biasca, Switzerland",46.3493907,8.974274699999999,ALDI
Baden,ALDI SUISSE,"Bahnhofstrasse 31, 5400 Baden, Switzerland",47.4777,8.308349999999999,ALDI
Bremgarten,Plaza Shopping,"Zufikerstrasse 2, 5620 Bremgarten, Switzerland",47.352073399999995,8.3498965,Others
Bremgarten,Lidl Schweiz,"Zufikerstrasse 4, 5620 Bremgarten, Switzerland",47.35152,8.350019999999999,Lidl
Bremgarten,Sunnemärt,"Sonnengutstrasse 4, 5620 Bremgarten, Switzerland",47.351411,8.347665,Others
Bremgarten,migrolino Bremgarten,"Zürcherstrasse 8, 5620 Bremgarten, Switzerland",47.3513448,8.3457318,Others
Bremgarten,Migros-Supermarkt - Bremgarten AG,"Zufikerstrasse 2, 5620 Bremgarten, Switzerland",47.352066,8.3498773,Migros
Bremgarten,ROSSMANN at EKZ Plaza Shopping,"Zufikerstrasse 2/4, 5620 Bremgarten, Switzerland",47.351392,8.3496998,Others
Bremgarten,ALDI SUISSE,"Wagistrasse 20, 8952 Schlieren, Switzerland",47.3984406,8.4597418,ALDI
Bremgarten,ALDI SUISSE,"Goldschlägipl. 3, 8952 Schlieren, Switzerland",47.4001171,8.441642400000001,ALDI
Bremgarten,ALDI SUISSE,"Mattenfeldstrasse 1, 5734 Reinach, Switzerland",47.2626,8.175699999999999,ALDI
Brugg,Lidl Schweiz,"Neumarktpl. 2, 5200 Brugg, Switzerland",47.48202,8.2087,Lidl
Kulm,ALDI SUISSE,"Luzernerstrasse 28, 6294 Ermensee, Switzerland",47.2230275,8.250295999999999,ALDI
Zurzach,Coop Supermarkt Bad Zurzach,"Baslerstrasse 11, 5330 Bad Zurzach, Switzerland",47.5893643,8.2917905,Coop
Zurzach,Migros-Supermarkt - Bad Zurzach,"Promenadestrasse 10, 5330 Bad Zurzach, Switzerland",47.5859375,8.2962551,Migros
Zurzach,Denner Discount,"Baslerstrasse 1, 5330 Bad Zurzach, Switzerland",47.589728799999996,8.2920091,Denner
Zurzach,Therme Zurzach,"Dr. Martin Erb-Strasse 11, 5330 Bad Zurzach, Switzerland",47.5892196,8.290645999999999,Others
Arbon,ALDI SUISSE,"Rütistrasse 1, 9320 Arbon, Switzerland",47.5209845,9.417976099999999,ALDI
Weinfelden,ALDI SUISSE,"Weststrasse 22, 8570 Weinfelden, Switzerland",47.568470999999995,9.095735,ALDI
Frauenfeld,ALDI SUISSE,"Langfeld, Juchstrasse 22, 8500 Frauenfeld, Switzerland",47.568729,8.9092178,ALDI
Münchwilen,Lidl Schweiz,"Frauenfelderstrasse 20c, 9542 Münchwilen, Switzerland",47.48180000000001,8.992149999999999,Lidl
Münchwilen,Migros-Supermarkt - Münchwilen,"Wilerstrasse 5, 9542 Münchwilen, Switzerland",47.4777369,8.9981834,Migros
Münchwilen,Coop Supermarkt Münchwilen,"Frauenfelderstrasse 4, 9542 Münchwilen, Switzerland",47.4793586,8.9954223,Coop
Münchwilen,ALDI SUISSE AG.,"Niederstettenstrasse 3, 9536 Jonschwil, Switzerland",47.4474533,9.067022,ALDI
Kreuzlingen,ALDI SUISSE,"Lengwilerstrasse 2, 8280 Kreuzlingen, Switzerland",47.63928,9.204570000000002,ALDI
Kreuzlingen,ALDI SUISSE,"Tägerwilerstrasse 2, + 4, 8280 Kreuzlingen, Switzerland",47.655471399999996,9.1638559,ALDI
Bellinzona,Aldi,"Via Monte Ceneri 24, 6512 Bellinzona, Switzerland",46.1676,9.2003,ALDI
Blenio,Aldi,"Str. dala Curona 3, 6915 Pambio-Noranco, Switzerland",45.98724,8.937579999999999,ALDI
Blenio,ALDI SUISSE,"Via Monte Ceneri 6, 6572 Quartino, Switzerland",46.152858599999995,8.9138592,ALDI
Blenio,ALDI SUISSE,"Via Cantonale 4, 6805 Mezzovico-Vira, Switzerland",46.0898,8.9211,ALDI
Blenio,ALDI,"Via Cantonale 95, 6595 Lavertezzo, Switzerland",46.175682599999995,8.8902755,ALDI
Blenio,ALDI SUISSE,"Via Prati dei Vizi 10, 6616 Losone, Switzerland",46.1639062,8.7698842,ALDI
Leventina,Aldi Suisse,"Via Ceresio 40, 6963 Lugano, Switzerland",46.021307799999995,8.9663936,ALDI
Leventina,ALDI SUISSE,"Viale Serfontana 16, 6834 Morbio Inferiore, Switzerland",45.8463904,9.0149619,ALDI
Lugano,Aldi,"Via Val Gersa 4, 6900 Lugano, Switzerland",46.01508,8.9409035,ALDI
Mendrisio,ALDI SUISSE,"Via S. Martino 17, 6850 Mendrisio, Switzerland",45.87551,8.98446,ALDI
Aigle,ALDI SUISSE Collombey,"Z.A. Entre deux Fossaux 8, 1868 Collombey-Muraz, Switzerland",46.266328,6.956401,ALDI
Aigle,ALDI SUISSE Monthey,"Av. de la Gare 26, 1870 Monthey, Switzerland",46.253673299999996,6.950945099999999,ALDI
Aigle,Lidl,"Chem. de la Zima 5, 1860 Aigle, Switzerland",46.3189144,6.9620045,Lidl
Aigle,Aldi,"Bd de l'Arc-en-Ciel 45, 1030 Bussigny, Switzerland",46.546029499999996,6.5643389999999995,ALDI
Aigle,ALDI SUISSE,"Av. de Fully 41, 1920 Martigny, Switzerland",46.10942000000001,7.0762,ALDI
Aigle,ALDI SUISSE,"Rue des Casernes 55a, 1950 Sion, Switzerland",46.227983599999995,7.3796821999999995,ALDI
Aigle,ALDI,"Av. du Chablais 3B, 1007 Lausanne, Switzerland",46.5268582,6.6037436,ALDI
Aigle,ALDI SUISSE Conthey,"Rte Cantonale 24, 1964 Conthey, Switzerland",46.223852799999996,7.3065601,ALDI
Aigle,Supermarché ALDI Etoy,"Rue de la Chenalette 177, 1163 Etoy, Switzerland",46.473677599999995,6.4273507,ALDI
Aigle,Aldi,"Rte de Reculan 7, 1024 Ecublens, Switzerland",46.539153299999995,6.554393200000001,ALDI
Aigle,ALDI SUISSE Morges,"Rue de Lausanne 47, 1110 Morges, Switzerland",46.516306,6.5057884999999995,ALDI
Nyon,ALDI SUISSE,"Rte de Gland 36, 1267 Vich, Switzerland",46.4260489,6.2533628,ALDI
Nyon,ALDI SUISSE Versoix,"Rte de Saint-Loup 2, 1290 Versoix, Switzerland",46.2794136,6.165204999999999,ALDI
Nyon,Kiss The Ground Nyon - KTG 🌳,"Rue de la Morâche 17/19, 1260 Nyon, Switzerland",46.3840844,6.2326201,Others
Nyon,ALDI SUISSE,"Chem. de Riantbosson 19, 1217 Meyrin, Switzerland",46.227230999999996,6.0860227,ALDI
Nyon,ALDI,"Rue du Grand Bay 21, 1220 Vernier, Switzerland",46.221036399999996,6.1092743,ALDI
Nyon,ALDI,"Rue Peillonnex 2, 1225 Chêne-Bourg, Switzerland",46.1942903,6.1963873,ALDI
Nyon,ALDI,"Rue Antoine-Carteret 22, 1202 Genève, Switzerland",46.212514399999996,6.1338181,ALDI
Nyon,ALDI SUISSE Lausanne,"Rte d'Oron 39, 1000 Lausanne, Switzerland",46.53546,6.655259999999999,ALDI
Gros-de-Vaud,ALDI SUISSE,"Rte de la Gare 44, 1305 Penthalaz, Switzerland",46.6075561,6.5237228,ALDI
Gros-de-Vaud,ALDI SUISSE,"Av. de la Concorde 18, 1022 Chavannes-près-Renens, Switzerland",46.53222220000001,6.573906699999999,ALDI
Gros-de-Vaud,ALDI,"Rue Saint-Martin 3, 1003 Lausanne, Switzerland",46.521581,6.636404799999999,ALDI
Gros-de-Vaud,ALDI,"Rue des Terreaux 25, 1003 Lausanne, Switzerland",46.522593699999994,6.6274733,ALDI
Gros-de-Vaud,ALDI SUISSE Orbe,"Chemin des Taborneires 6, 1350 Orbe, Switzerland",46.719649999999994,6.545789999999999,ALDI
Gros-de-Vaud,Supermarché Migros - Lausanne - Métropole,"Rue des Terreaux 25, 1003 Lausanne, Switzerland",46.5224901,6.6275001,Others
Riviera-Pays-d'Enhaut,ALDI SUISSE,"Rue Thèodore Stéphani 5, 3963 Crans-Montana, Switzerland",46.312233,7.481006,ALDI
Brig,ALDI,"Glismattenstrasse 20, 3902 Brig-Glis, Switzerland",46.3152258,7.9834124,ALDI
Goms,VOLG Oberwald,"Dorfstrasse 12, 3999 Oberwald, Switzerland",46.533428199999996,8.350832,Volg
Goms,ALDI SUISSE,"Kantonsstrasse 66a, 3930 Visp, Switzerland",46.295632499999996,7.916589499999999,ALDI
Sierre,Lidl,"Rte de Sion 81, 3960 Sierre, Switzerland",46.284532,7.516400999999999,Lidl
Cant. de Genève,ALDI SUISSE,"Prom. de l'Europe 11, 1203 Genève, Switzerland",46.2086,6.1236,ALDI
Moutier,Lidl Moutier,"Rue Industrielle 18, 2740 Moutier, Switzerland",47.276202,7.365855,Lidl
Affoltern,Denner Discount,"Jonentalstrasse 1, 8910 Affoltern am Albis, Switzerland",47.2771267,8.4549336,Denner
Affoltern,Denner Discount,"Zürichstrasse 51, 8910 Affoltern am Albis, Switzerland",47.276131199999995,8.450270699999999,Denner
Affoltern,Denner Discount,"In Böden 174, 8046 Zürich, Switzerland",47.4200534,8.5082922,Denner
Andelfingen,Denner Partner,"Gewerbestrasse 9c, 8451 Kleinandelfingen, Switzerland",47.6048401,8.6872816,Denner
Bülach,Denner Discount,"Bahnhofstrasse 28 Einkaufszentrum, Sonnenhof, Bahnhofstrasse 28, 8180 Bülach, Switzerland",47.5210629,8.540381,Denner
Bülach,Denner Discount,"Center Bülach Süd, Feldstrasse 85, 8180 Bülach, Switzerland",47.509621499999994,8.539253,Denner
Bülach,Denner Discount,"Glasistrasse 4, 8180 Bülach, Switzerland",47.526311,8.535416699999999,Denner
Dielsdorf,Denner Discount,"Ruchwiesenstrasse 2, 8157 Dielsdorf, Switzerland",47.48023980000001,8.4637628,Denner
Hinwil,Denner Discount,"Wässeristrasse 20, 8340 Hinwil, Switzerland",47.3055944,8.8235467,Denner
Hinwil,Denner Partner,"Dürntnerstrasse 19, 8340 Hinwil, Switzerland",47.3011258,8.8427948,Denner
Horgen,Denner Discount,"Seestrasse 338, 8810 Horgen, Switzerland",47.253325,8.6189193,Denner
Horgen,Denner Discount,"Einkaufszentrum Schinzenhof, Dorfpl. 2, 8810 Horgen, Switzerland",47.259952,8.598059,Denner
Meilen,Denner Express,"Marktgasse 18, 8706 Meilen, Switzerland",47.2692391,8.642732,Denner
Pfäffikon,Denner Discount,"Seestrasse 27, 8330 Pfäffikon, Switzerland",47.366284199999996,8.781907499999999,Denner
Pfäffikon,Denner Discount,"Turmstrasse 17, 8330 Pfäffikon, Switzerland",47.3682835,8.7805743,Denner
Pfäffikon,Denner Discount,"Seedamm-Center, 0, 8808 Pfäffikon, Switzerland",47.2005882,8.7931435,Denner
Uster,Denner Discount,"Oberlandstrasse 100, 8610 Uster, Switzerland",47.351877599999995,8.7191295,Denner
Uster,Denner Discount,"Loren-Allee 22, 8610 Uster, Switzerland",47.3590099,8.709109699999999,Denner
Uster,Denner Discount,"Zürichstrasse 20, 8610 Uster, Switzerland",47.3503459,8.7154698,Denner
Winterthur,Denner Discount,"Hinterdorfstrasse 40, 8405 Winterthur, Switzerland",47.4852907,8.7625727,Denner
Winterthur,Denner Discount,"Hintermühlenstrasse 4, 8409 Winterthur, Switzerland",47.5043424,8.7723531,Denner
Winterthur,Denner Discount,"Schützenstrasse 39, 8400 Winterthur, Switzerland",47.5043843,8.7191378,Denner
Winterthur,Denner Discount,"Grüzefeldstrasse 24, 8400 Winterthur, Switzerland",47.496894,8.7465104,Denner
Winterthur,Denner Discount,"Einkaufszentrum Rosenberg, Schaffhauserstrasse 152, 8400 Winterthur, Switzerland",47.518314,8.719864,Denner
Winterthur,Denner Discount,"Zürcherstrasse 120, 8406 Winterthur, Switzerland",47.4910804,8.7055586,Denner
Winterthur,Denner Discount,"Frauenfelderstrasse 124, 8404 Winterthur, Switzerland",47.502218899999995,8.7484021,Denner
Winterthur,Denner Express,"Stadthausstrasse 10a, 8400 Winterthur, Switzerland",47.5004427,8.7264614,Denner
Winterthur,Denner Discount,"Pflanzschulstrasse 9 Einkaufszentrum Deutweg, 8400 Winterthur, Switzerland",47.4949564,8.7407276,Denner
Winterthur,Denner Discount,"Strickerstrasse 3, 8400 Winterthur, Switzerland",47.499083999999996,8.720397,Denner
Winterthur,Denner Express,"Römerstrasse 243, 8404 Winterthur, Switzerland",47.5101458,8.7586756,Denner
Winterthur,Denner Bibite,"Ziegeleipl. 2, 8406 Winterthur, Switzerland",47.477351999999996,8.6994268,Denner
Dietikon,Denner Discount,"Badenerstrasse 21, 8953 Dietikon, Switzerland",47.405992999999995,8.397147,Denner
Dietikon,Denner Discount,"Löwenstrasse 15, 8953 Dietikon, Switzerland",47.4057086,8.402612399999999,Denner
Zürich,Denner Discount,"Werdstrasse 36, 8004 Zürich, Switzerland",47.3728511,8.5296261,Denner
Zürich,Denner Express,"Molkenstrasse 8, 8004 Zürich, Switzerland",47.3766848,8.5272466,Denner
Zürich,Denner Express,"Toblerstrasse 76, 8044 Zürich, Switzerland",47.378875199999996,8.5594874,Denner
Zürich,Denner Discount,"Limmatstrasse 275, 8005 Zürich, Switzerland",47.3887837,8.525043799999999,Denner
Zürich,Denner Discount,"Etzelstrasse 6, 8038 Zürich, Switzerland",47.3445223,8.5308077,Denner
Zürich,Denner Express,"Lindenpl. 4, 8048 Zürich, Switzerland",47.3872504,8.4860262,Denner
Zürich,Denner Discount,"Hofwiesenstrasse 350, 8050 Zürich, Switzerland",47.410350799999996,8.543040099999999,Denner
Zürich,Denner Express,"Landenbergstrasse 22, 8037 Zürich, Switzerland",47.392737,8.5286417,Denner
Zürich,Denner Discount,"Winterthurerstrasse 524, 8051 Zürich, Switzerland",47.4039316,8.5726414,Denner
Zürich,Denner Express,"Badenerstrasse 296, 8004 Zürich, Switzerland",47.377147199999996,8.5135021,Denner
Zürich,Denner Express,"Kreuzstrasse 40, 8008 Zürich, Switzerland",47.3633819,8.550430799999999,Denner
Zürich,Denner Express,"Hottingerstrasse 52, 8032 Zürich, Switzerland",47.3690299,8.5558873,Denner
Zürich,Denner Discount,"Regensbergstrasse 309, 8050 Zürich, Switzerland",47.4114292,8.5265716,Denner
Zürich,Denner Express,"Schaffhauserstrasse 11, 8006 Zürich, Switzerland",47.3888953,8.5388586,Denner
Zürich,Denner Discount,"Birmensdorferstrasse 406, 8055 Zürich, Switzerland",47.369243,8.5030427,Denner
Zürich,Denner Express,"Uetlibergstrasse 102, 8045 Zürich, Switzerland",47.3618567,8.517669999999999,Denner
Zürich,Denner Discount,"Schaffhauserstrasse 491, 8052 Zürich, Switzerland",47.4209472,8.5490585,Denner
Zürich,Denner Express,"Forchstrasse 261, 8032 Zürich, Switzerland",47.358492,8.5721215,Denner
Seeland,Denner Discount,"Bielstrasse 9, 3250 Lyss, Switzerland",47.074513,7.30545,Denner
Bern-Mittelland,Denner Discount,"Mädergutstrasse 5, 3018 Bern, Switzerland",46.9371821,7.3870252,Denner
Bern-Mittelland,Denner Discount,"Schmiedweg 3, 3013 Bern, Switzerland",46.9580394,7.444509699999999,Denner
Bern-Mittelland,Denner Discount,"Bottigenstrasse 7/9, 3018 Bern, Switzerland",46.939329099999995,7.3899224,Denner
Bern-Mittelland,Denner Discount,"Marktgasse 44, 3011 Bern, Switzerland",46.9482181,7.445017,Denner
Bern-Mittelland,Denner Discount,"Riedbachstrasse 8, 3027 Bern, Switzerland",46.9481836,7.3830846999999995,Denner
Bern-Mittelland,Denner Discount,"Brunnmattstrasse 22-24, 3007 Bern, Switzerland",46.9448049,7.4269022,Denner
Bern-Mittelland,Denner Discount,"Jupiterstrasse 15, 3015 Bern, Switzerland",46.9393666,7.481128999999999,Denner
Bern-Mittelland,Denner Discount,"Seftigenstrasse 45, 3007 Bern, Switzerland",46.9364747,7.432719700000001,Denner
Bern-Mittelland,Denner Discount,"Fellerstrasse 28, 3027 Bern, Switzerland",46.947159500000005,7.3895814,Denner
Bern-Mittelland,Denner Express,"Könizstrasse 13, 3008 Bern, Switzerland",46.9440439,7.421277,Denner
Bern-Mittelland,Denner Discount,"Riedbachstrasse 100, 3027 Bern, Switzerland",46.94529,7.3736687000000005,Denner
Bern-Mittelland,Denner Discount,"Seftigenstrasse 368, 3084 Wabern bei Bern, Switzerland",46.9224696,7.459706499999999,Denner
Bern-Mittelland,Denner Express,"Schanzenstrasse 5, 3008 Bern, Switzerland",46.9479748,7.4363272,Denner
Bern-Mittelland,Denner Discount,"Turbenweg 2, 3073 Muri bei Bern, Switzerland",46.932829999999996,7.5040361,Denner
Bern-Mittelland,Denner Discount,"Kalchackerstrasse 9, 3047 Bremgarten bei Bern, Switzerland",46.9754307,7.4377931,Denner
Bern-Mittelland,Denner Discount,"Waldeggstrasse 30, 3097 Liebefeld, Switzerland",46.9333865,7.419655399999999,Denner
Bern-Mittelland,Denner Discount,"Zentrum 34, 3322 Urtenen-Schönbühl, Switzerland",47.020798899999996,7.500323400000001,Denner
Bern-Mittelland,Denner Bibite,"Zähringerstrasse 43, 3012 Bern, Switzerland",46.9553308,7.4340062,Denner
Bern-Mittelland,Denner Discount,"Scheibenstrasse 29, 3014 Bern, Switzerland",46.9612749,7.453096499999999,Denner
Bern-Mittelland,Denner Discount,"Kappelenring 2, 3032 Wohlen bei Bern, Switzerland",46.9669789,7.376677799999999,Denner
Oberaargau,Denner Discount,"Herzogstrasse 12, 4900 Langenthal, Switzerland",47.21038,7.791184,Denner
Oberaargau,Denner Discount,"Einkaufszentrum, Wiesenstrasse 28, 4900 Langenthal, Switzerland",47.214395599999996,7.7841552,Denner
Biel/Bienne,Denner Discount,"Bahnhofstrasse 15, 2502 Biel, Switzerland",47.1350652,7.244300999999999,Denner
Biel/Bienne,Denner Discount,"Poststrasse 17B, 2504 Biel, Switzerland",47.14627,7.2723249999999995,Denner
Biel/Bienne,Denner Discount,"Bözingenstrasse 102, 2502 Biel, Switzerland",47.15047,7.26302,Denner
Biel/Bienne,Denner Discount,"Silbergasse 40, 2500 Biel, Switzerland",47.134748099999996,7.249024100000001,Denner
Biel/Bienne,Denner Discount,"Brüggstrasse 5, 2503 Biel, Switzerland",47.131881,7.252637999999999,Denner
Biel/Bienne,Denner Discount,"Boulevard des Sports 20, 2504 Biel, Switzerland",47.1563314,7.2835141,Denner
Emmental,Denner Express,"Schlossstrasse 1 a, 3550 Langnau im Emmental, Switzerland",46.939805799999995,7.7877019999999995,Denner
Jura bernois,Denner Partner,"Rue H.F. Sandoz 14, 2710 Tavannes, Switzerland",47.219051199999996,7.199103099999999,Denner
Jura bernois,Denner Discount,"Rue de l'Écluse 1, 2740 Moutier, Switzerland",47.2766867,7.369839499999999,Denner
Jura bernois,Denner Partner,"Grande-Rue 27, 2608 Courtelary, Switzerland",47.1760166,7.067095999999999,Denner
Jura bernois,Denner Satellit,"Rue du Marché-Concours 2, 2350 Saignelégier, Switzerland",47.255213999999995,6.9973909999999995,Denner
Jura bernois,Denner Express,"Hauptstrasse 50, 2576 Lüscherz, Switzerland",47.0466865,7.1502647999999995,Denner
Jura bernois,Denner Partner,"Rue du 23 Juin 34, 2822 Courroux, Switzerland",47.3618296,7.3735354,Denner
Jura bernois,Denner Partner,"Centre comme 40, Rte de Delémont, 2830 Courrendlin, Switzerland",47.3435523,7.3700483,Denner
Jura bernois,Denner Discount,"Rue de l'Avenir 1, 2800 Delémont, Switzerland",47.3648369,7.347717800000001,Denner
Jura bernois,Denner Express,"Rue Guillaume-Triponez 15, 2336 Les Bois, Switzerland",47.1759338,6.904176,Denner
Jura bernois,Denner Express,"Rue de la Maltière 12, 2800 Delémont, Switzerland",47.3636159,7.3463809,Denner
Jura bernois,Denner Partner,"Rue Baptiste-Savoye 62, 2610 Saint-Imier, Switzerland",47.151568999999995,6.995163000000001,Denner
Jura bernois,Denner Satellit,"Länggasse 4, 3292 Busswil bei Büren, Switzerland",47.097892699999996,7.318417599999999,Denner
Jura bernois,Denner Partenaire,"Rue de l'Abbé-Monnin 20, 2854 Bassecourt, Switzerland",47.3371278,7.245993400000001,Denner
Jura bernois,Denner Discount,"Bernstrasse 13, 3238 Gals, Switzerland",47.0197935,7.0416311,Denner
Jura bernois,Denner Express,"Aarbergstrasse 1a, 2560 Nidau, Switzerland",47.1285331,7.2409146,Denner
Interlaken-Oberhasli,Denner Discount,"Aegertiweg 33, 3812 Wilderswil, Switzerland",46.673424499999996,7.868199000000001,Denner
Interlaken-Oberhasli,Denner Discount,"Lindenallee 102, 3800 Interlaken, Switzerland",46.6876349,7.8777592,Denner
Interlaken-Oberhasli,Denner Discount,"Rugenparkstrasse 1, 3800 Interlaken, Switzerland",46.6818695,7.8521399,Denner
Interlaken-Oberhasli,Denner Express,"Alleestrasse 2, 3703 Aeschi bei Spiez, Switzerland",46.658634899999996,7.69711,Denner
Interlaken-Oberhasli,Denner Discount,"Talackerstrasse 62, 3604 Thun, Switzerland",46.744514,7.613841000000001,Denner
Interlaken-Oberhasli,Denner Express,"Terminus 1, 3700 Spiez, Switzerland",46.6857268,7.6817552,Denner
Thun,Denner Discount,"Schulstrasse 28, 3600 Thun, Switzerland",46.7404831,7.623217400000001,Denner
Thun,Denner Discount,"Frutigenstrasse 16, 3604 Thun, Switzerland",46.7547882,7.6275077,Denner
Thun,Denner Discount,"Weststrasse 14, 3604 Thun, Switzerland",46.7439921,7.6044096,Denner
Obersimmental-Saanen,Denner Discount,"Hauptstrasse 0, 3780 Gstaad, Switzerland",46.4781468,7.2825109,Denner
Obersimmental-Saanen,Denner Express,"Thunstrasse 11, 3770 Zweisimmen, Switzerland",46.555429,7.372506,Denner
Entlebuch,Denner Partner,"Glaubenbergstrasse 12, 6162 Entlebuch, Switzerland",46.9914217,8.065720299999999,Denner
Hochdorf,Denner Discount,"Hauptstrasse 5, 6280 Hochdorf, Switzerland",47.1658087,8.2914701,Denner
Luzern-Land,Denner Discount,"Langensandstrasse 23, 6005 Luzern, Switzerland",47.0373983,8.3282892,Denner
Luzern-Land,Denner Discount,"Kreuzbuchstrasse 53, 6006 Luzern, Switzerland",47.0543732,8.339941999999999,Denner
Luzern-Land,Denner Discount,"Moosmattstrasse 50/52, 6005 Luzern, Switzerland",47.037990699999995,8.3041698,Denner
Luzern-Land,Denner Discount,"Bundesstrasse 12, 6003 Luzern, Switzerland",47.0436366,8.304750199999999,Denner
Luzern-Land,Denner Express,"Bernstrasse 110, 6003 Luzern, Switzerland",47.052851499999996,8.2825934,Denner
Luzern-Land,Denner Discount,"Sälistrasse 21, 6005 Luzern, Switzerland",47.045835,8.3007928,Denner
Luzern-Land,Denner Discount,"Grossmatte 2, 6014 Luzern, Switzerland",47.0490303,8.2625455,Denner
Luzern-Land,Denner Discount,"Brünigstrasse 16-18, 6005 Luzern, Switzerland",47.0430078,8.3112595,Denner
Luzern-Land,Denner Discount,"Ruopigenpl. 0, 6015 Luzern, Switzerland",47.0614876,8.2743815,Denner
Luzern-Land,Denner Discount,"Zürichstrasse 5, 6004 Luzern, Switzerland",47.0562064,8.3099972,Denner
Luzern-Land,Denner Discount,"Ebisquare Str. 1, 6030 Ebikon, Switzerland",47.0943383,8.3586488,Denner
Luzern-Land,Denner Discount,"Zentralstrasse 16, 6030 Ebikon, Switzerland",47.0810855,8.340994799999999,Denner
Luzern-Land,Denner Partner,"Obernauerstrasse 38, 6010 Kriens, Switzerland",47.0340664,8.2694174,Denner
Luzern-Land,Denner Express,"Luzernerstrasse 78, 6010 Kriens, Switzerland",47.0355687,8.2905906,Denner
Luzern-Land,Denner Discount,"Luzernerstrasse 28-30, 6010 Kriens, Switzerland",47.0339349,8.2828537,Denner
Luzern-Land,Denner Discount,"Hellbühlstrasse 10, 6102 Malters, Switzerland",47.038717899999995,8.1836912,Denner
Luzern-Land,Denner Discount,"Gemeindehauspl. 11, 6048 Horw, Switzerland",47.018676199999994,8.3088173,Denner
Luzern-Land,Denner Discount,"Sonnenpl. 1, 6020 Emmen, Switzerland",47.0778696,8.2748641,Denner
Luzern-Land,Denner Discount,"Seetalstrasse 11, 6020 Emmen, Switzerland",47.070783999999996,8.284159,Denner
Luzern-Land,Denner Discount,"Bertiswilstrasse 34, 6023 Rothenburg, Switzerland",47.098917,8.269788,Denner
Sursee,Denner Discount,"Bahnhofstrasse 28, 6210 Sursee, Switzerland",47.172966300000006,8.1027431,Denner
Sursee,Denner Discount,"Moosgasse 20, 6210 Sursee, Switzerland",47.1780925,8.109407599999999,Denner
Willisau,Denner Discount,"Wydenmatt 6, 6130 Willisau, Switzerland",47.13115510000001,7.9997473,Denner
Willisau,Denner Express,"Kreuzstrasse 6, 6130 Willisau, Switzerland",47.1229488,7.994864000000001,Denner
Kt. Uri,Denner Discount,"Grundgasse 2, 6460 Altdorf, Switzerland",46.8731657,8.6506934,Denner
Kt. Uri,Denner Partner,"Gotthardstrasse 104, 6472 Erstfeld, Switzerland",46.821318,8.6505375,Denner
Kt. Uri,Denner Satellit,"Via della Stazione 4, 6780 Airolo, Switzerland",46.5278369,8.6076379,Denner
Kt. Uri,Denner Partner,"Bahnhofstrasse 178, 6423 Seewen, Switzerland",47.0295673,8.6296343,Denner
Kt. Uri,Denner Discount,"Mythen-Centerstrasse 16, 6438 Ibach, Switzerland",47.0153682,8.6473608,Denner
Kt. Uri,Denner Discount,"Bahnhofpl. 19, 6440 Brunnen SZ, Switzerland",46.9998334,8.609117399999999,Denner
Gersau,Denner Partner,"Dorfstrasse 87, 6375 Beckenried, Switzerland",46.9703125,8.4660541,Denner
Gersau,Denner Partner,"Parkstrasse 11, 6410 Goldau, Switzerland",47.0503261,8.5488093,Denner
Gersau,Denner Partner,"Siegwartstrasse 9, 6403 Küssnacht a. Rigi, Switzerland",47.083683799999996,8.4418238,Denner
Gersau,Denner Discount,"Bitzistrasse 2, 6370 Stans, Switzerland",46.965377800000006,8.3556045,Denner
Gersau,Denner Partner,"Hofstatt 3, 6422 Steinen, Switzerland",47.04894840000001,8.612836699999999,Denner
Gersau,Denner Discount,"Zugerstrasse 32 / 34, 6314 Unterägeri, Switzerland",47.138071,8.5789168,Denner
Gersau,Denner Partner,"Bahnhofstrasse 19, 6362 Stansstad, Switzerland",46.9765498,8.3370167,Denner
Höfe,Denner Discount,"Laufenstrasse 57, 4053 Basel, Switzerland",47.540088,7.5984679999999996,Denner
Kt. Obwalden,Denner Discount,"Nelkenstrasse 5, 6060 Sarnen, Switzerland",46.8967489,8.2494742,Denner
Kt. Obwalden,Denner Discount,"Pilatusstrasse 10, 6060 Sarnen, Switzerland",46.9001038,8.2480329,Denner
Kt. Glarus,Denner Discount,"Schweizerhofstrasse 10, 8750 Glarus, Switzerland",47.0408134,9.0708913,Denner
Kt. Zug,Denner Discount,"Hertizentrum 10, 6303 Zug, Switzerland",47.1780404,8.505821,Denner
Kt. Zug,Denner Express,"Baarerstrasse 8, 6300 Zug, Switzerland",47.1714145,8.516553,Denner
Kt. Zug,Denner Discount,"Baarerstrasse 22, 6300 Zug, Switzerland",47.1734097,8.5170712,Denner
La Broye,Denner Discount,"Grand-Rue 70, 1530 Payerne, Switzerland",46.8211345,6.9362478,Denner
La Broye,DENNER Marché du Vignoble SA,"Rte d'Avenches 22, 1585 Bellerive, Switzerland",46.9169766,7.0223496,Denner
La Broye,Denner Partner,"Rue du Château 1, 1564 Domdidier, Switzerland",46.866399099999995,7.012626,Denner
La Broye,Denner Satellit,"Rue du Camus 6, 1470 Estavayer-le-Lac, Switzerland",46.849852500000004,6.849398,Denner
La Broye,Denner Express,"En Milavy, 1580 Avenches, Switzerland",46.877618999999996,7.031739,Denner
La Broye,Denner Express,"Rte de Bitternaz 13, 1562 Corcelles-près-Payerne, Switzerland",46.8323458,6.963026900000001,Denner
La Broye,Denner Partner,"Cousset-Centre 6, 1774 Cousset, Switzerland",46.8178529,6.977083899999999,Denner
La Broye,Denner Partner,"Rte de Berne 3, 1523 Granges-près-Marnand, Switzerland",46.757483,6.899145400000001,Denner
La Broye,Denner Partner,"Rue du Port 7, 2024 Saint-Aubin-Sauges, Switzerland",46.8942293,6.7740320999999994,Denner
La Broye,Denner Express,"Rue du Château 1, 1482 Cugy, Switzerland",46.8144243,6.8896606,Denner
La Broye,Denner Discount,"Rte de la Gare 7, 1680 Romont, Switzerland",46.693124399999995,6.9125891,Denner
La Broye,Denner Partner,"Rue des Vergers 5, 1462 Yvonand, Switzerland",46.7985045,6.7435434999999995,Denner
La Broye,Denner Partner,"Rue du Ctre 9, 1772 Grolley, Switzerland",46.8321925,7.065271999999999,Denner
La Broye,Denner Discount,"Rte de la Rosière 10, 1782 Belfaux, Switzerland",46.8240072,7.0992022,Denner
La Broye,Denner Partner,"Route d'Yvonnand 8, 1522 Lucens, Switzerland",46.7085734,6.8414673,Denner
La Broye,Denner Satellit,"Rte de Neuchâtel 44, 1588 Cudrefin, Switzerland",46.959317999999996,7.027354,Denner
La Broye,Denner Partenaire Beaumont,"Rte de Beaumont 16, 1700 Fribourg, Switzerland",46.79665,7.141680000000001,Denner
La Broye,Denner Partner,"Rte du Vignoble 25, 2017 Boudry, Switzerland",46.954952299999995,6.8480431,Denner
La Broye,Denner Discount,"Rte de Matran 9, 1754 Avry, Switzerland",46.787741999999994,7.078564999999999,Denner
La Broye,Denner Discount,"Rte du Bois 11, 1753 Matran, Switzerland",46.7792272,7.0897393,Denner
La Glâne,Denner Discount,"Rue des Cerisiers 2 1752, 1 Villars-sur-Glâne, Switzerland",46.7945055,7.1153293,Denner
La Gruyère,Denner Express,"Rte du Centre 11, 1637 Charmey, Switzerland",46.6198876,7.1628093,Denner
La Gruyère,Denner Discount,"Rte de la, Rue de la Condémine 52, 1630 Bulle, Switzerland",46.621125899999996,7.060482599999999,Denner
La Gruyère,Denner Discount,"Rue Chateau d`en Bas 2, 1630 Bulle, Switzerland",46.623698,7.0574669,Denner
La Gruyère,Denner Discount,"Rte de Pra Riond 2, 1635 La Tour-de-Trême, Switzerland",46.6004491,7.0758674,Denner
La Gruyère,Denner Express,"Rue de Montsalvens 39, 1636 Broc, Switzerland",46.602484999999994,7.105004999999999,Denner
La Gruyère,Denner Discount,"Rue de Vevey 250, 1630 Bulle, Switzerland",46.61384220000001,7.039243399999999,Denner
La Gruyère,Denner Partner,"Grand-Rue 96A, 1627 Vaulruz, Switzerland",46.618937700000004,6.9813892,Denner
La Gruyère,Denner Partner,"Rte de Rossens 5, 1726 Farvagny, Switzerland",46.723373699999996,7.0700556,Denner
La Gruyère,Denner Discount,"Shopping, Centre commercial Shopping Roche, Chem. Vers le Stand 1, 1852 Roche, Switzerland",46.354737,6.9328126999999995,Denner
La Gruyère,Denner Express,"Oberi Matta 9, 1716 Plaffeien, Switzerland",46.740437899999996,7.290459200000001,Denner
La Gruyère,Denner Partner,"Au Village 10, 1731 Ependes, Switzerland",46.753944,7.1467912,Denner
La Gruyère,Denner Discount,"Rte d'Englisberg 15b, 1763 Granges-Paccot, Switzerland",46.8289918,7.1467845,Denner
La Gruyère,Denner Discount,"Bd de Pérolles 55, 1700 Fribourg, Switzerland",46.796637999999994,7.154647,Denner
La Gruyère,Denner Discount,"Praz-Riond 0, 1847 Rennaz, Switzerland",46.3832967,6.9207455,Denner
Sense,Denner Discount,"Chem. du Croset 9, 1024 Ecublens, Switzerland",46.533843399999995,6.5639207,Denner
La Veveyse,Denner Discount,"Av. Reller 42, 1804 Corsier-sur-Vevey, Switzerland",46.4678907,6.8377522,Denner
La Veveyse,Denner Discount,"Rue d'Italie 56, 1800 Vevey, Switzerland",46.458626599999995,6.848274699999999,Denner
La Veveyse,Denner Discount,"Av. des Alpes 61, 1814 La Tour-de-Peilz, Switzerland",46.45783240000001,6.8567488,Denner
La Veveyse,Denner Express,"Rte des Deux-Villages 51B, 1806 Saint-Légier-La Chiésaz, Switzerland",46.470687899999994,6.880785299999999,Denner
La Veveyse,Centre commercial Midi-Coindet,"Av. du Général-Guisan 21-19, 1800 Vevey, Switzerland",46.463739499999996,6.8404136,Others
La Veveyse,Denner Discount,"Rue du Léman 9, 1815 Clarens, Switzerland",46.4409029,6.893219299999999,Denner
La Veveyse,Denner Discount,"Rte de Palézieux 125, 1618 Châtel-Saint-Denis, Switzerland",46.527686599999996,6.8953016,Denner
La Veveyse,Denner Partner,"Rte du Lac Lussy 80, 1618 Châtel-Saint-Denis, Switzerland",46.5322384,6.896342,Denner
La Veveyse,Denner Express,"Rue du, Rte de la Fin du Craux 20, 1822 Montreux, Switzerland",46.4443516,6.9113858,Denner
La Veveyse,Denner Partner,"Rte d'Oron 2, 1615 Bossonnens, Switzerland",46.5264927,6.8524598999999995,Denner
La Veveyse,Denner Discount,"Chem. de Courseboux 5, 1096 Cully, Switzerland",46.488456299999996,6.726484,Denner
La Veveyse,Denner Partner,"Rte de Lausanne 21, 1610 Oron, Switzerland",46.5710913,6.823297999999999,Denner
La Veveyse,Denner Express,"Rte Cantonale 21, 1897 Le Bouveret, Switzerland",46.3843266,6.853554399999999,Denner
La Veveyse,Denner Partner,"Denner, Av. de Savoie 4, 1896 Vouvry, Switzerland",46.336781599999995,6.8914211,Denner
Gäu,Denner Discount,"Hausimollstrasse 8, 4622 Egerkingen, Switzerland",47.3177033,7.8007582,Denner
Thal,Denner Discount,"Wiesentalstrasse 4, 9425 Thal, Switzerland",47.479575399999995,9.5773285,Denner
Dorneck,Denner Express,"Hauptstrasse 4, 4143 Dornach, Switzerland",47.4799838,7.615655299999999,Denner
Gösgen,Denner Discount,"Im Grund 9, + 11, 5014 Gretzenbach, Switzerland",47.3583559,7.9903417999999995,Denner
Gösgen,Denner Discount,"Zürichstrasse 2 Einkaufszentrum EO-Tychboden, Zürichstrasse 2, 4665 Oftringen, Switzerland",47.312768299999995,7.921449999999999,Denner
Gösgen,Denner Express,"Aarauerstrasse 24, 5018 Erlinsbach, Switzerland",47.396268299999996,8.0143589,Denner
Gösgen,Denner Discount,"Solothurnstrasse 33a, 4702 Oensingen, Switzerland",47.2874832,7.7084988999999995,Denner
Gösgen,Denner Discount,"Oltnerstrasse 93, 4663 Aarburg, Switzerland",47.33233200000001,7.905517000000001,Denner
Gösgen,Denner Discount,"Einkaufszentrum, Winznauerstrasse 118, 4632 Trimbach, Switzerland",47.3665847,7.9103121,Denner
Gösgen,Denner Discount,"Bernstrasse 4, 4665 Oftringen, Switzerland",47.311960199999994,7.9125603999999985,Denner
Gösgen,Denner Discount,"Aarburgerstrasse 13, 4800 Zofingen, Switzerland",47.292328999999995,7.941161999999999,Denner
Gösgen,Denner Express,"Niederämterstrasse 74, 4657 Dulliken, Switzerland",47.353499,7.947005000000001,Denner
Gösgen,Denner Express,"Hauptstrasse 23, 5035 Unterentfelden, Switzerland",47.367039299999995,8.0441249,Denner
Gösgen,Denner Discount,"Louis Giroud-Strasse 26, 4600 Olten, Switzerland",47.346193,7.909217,Denner
Gösgen,Denner Discount,"Solothurnerstrasse 21, 4600 Olten, Switzerland",47.3500192,7.8985765,Denner
Gösgen,Denner Discount,"Lindenpl. 2, 5722 Gränichen, Switzerland",47.360216199999996,8.0977292,Denner
Gösgen,Denner Express,"Dorfstrasse 37, 5225 Oberbözberg, Switzerland",47.497302999999995,8.1558986,Denner
Gösgen,Denner Partner,"Binzmattweg 8, 5035 Unterentfelden, Switzerland",47.3620014,8.0460463,Denner
Gösgen,Denner Partner,"Eigasse 1, 4614 Hägendorf, Switzerland",47.333985999999996,7.842193,Denner
Gösgen,Denner Discount,"Ziegelrain 1, 5000 Aarau, Switzerland",47.3915352,8.0444946,Denner
Gösgen,Denner Discount,"Tellistrasse 67 Einkaufszentrum Telli, 5004 Aarau, Switzerland",47.3978909,8.058205,Denner
Gösgen,Denner Discount,"Einkaufszentrum Wynencenter, Bresteneggstrasse 9, 5033 Buchs, Switzerland",47.384746,8.089013999999999,Denner
Wasseramt,Denner Discount,"Zuchwilerstrasse 43, 4500 Solothurn, Switzerland",47.2031053,7.543859599999999,Denner
Wasseramt,Denner Express,"Westbahnhofstrasse 1, 4500 Solothurn, Switzerland",47.2074346,7.532365700000001,Denner
Wasseramt,Denner Express,"Hauptstrasse 25, 4542 Luterbach, Switzerland",47.216688,7.586455,Denner
Wasseramt,Denner Express,"Bielstrasse 80, 4500 Solothurn, Switzerland",47.2112755,7.5260652,Denner
Wasseramt,Denner Discount,"Fabrikstrasse 6, 4513 Langendorf, Switzerland",47.2183614,7.5114499,Denner
Wasseramt,Denner Discount,"Gewerbestrasse 1, 4512 Bellach, Switzerland",47.211126,7.5022139999999995,Denner
Wasseramt,Denner Discount,"Fritz Käser-Strasse 2, 4562 Biberist, Switzerland",47.1836804,7.5630305,Denner
Wasseramt,Denner Partner,"Solothurnstrasse 5, 4573 Lohn-Ammannsegg, Switzerland",47.163996100000006,7.5262376,Denner
Wasseramt,Denner Partner,"Baselstrasse 8, 4537 Wiedlisbach, Switzerland",47.2524003,7.6497762,Denner
Wasseramt,Denner Partner,"Hauptstrasse 13-17, 4552 Derendingen, Switzerland",47.198272499999995,7.5837938,Denner
Wasseramt,Denner Express,"Dorfackerstrasse 25, 4528 Zuchwil, Switzerland",47.203323,7.563521,Denner
Wasseramt,Denner Partner,"Kornfeldstrasse 1, 4563 Gerlafingen, Switzerland",47.170713,7.5757390000000004,Denner
Wasseramt,Denner Partner,"Jungfraustrasse 2, 2543 Lengnau, Switzerland",47.179687,7.37012,Denner
Wasseramt,Denner Express,"Langenthalstrasse 21, 4912 Aarwangen, Switzerland",47.238783999999995,7.770411999999999,Denner
Wasseramt,Denner Partner,"Bahnhofstrasse 2, 4543 Deitingen, Switzerland",47.2125554,7.6192638,Denner
Wasseramt,Denner Partner,"a. A, Aarbergstrasse 3, 3294 Büren an der Aare, Switzerland",47.1389783,7.369416900000001,Denner
Wasseramt,Denner Discount,"Einkaufszentrum, Bernstrasse 33, 3360 Herzogenbuchsee, Switzerland",47.1865234,7.7036247,Denner
Wasseramt,Denner Discount,"Friedhofstrasse 71, 2540 Grenchen, Switzerland",47.188803,7.385633,Denner
Kt. Basel-Stadt,Denner Discount,"Viaduktstrasse 1, 4051 Basel, Switzerland",47.5485543,7.586554800000001,Denner
Kt. Basel-Stadt,Denner Discount,"Kornhausgasse 5, 4051 Basel, Switzerland",47.5563243,7.5836092,Denner
Kt. Basel-Stadt,Denner Discount,"u. Rebgasse 4, 4058 Basel, Switzerland",47.5620495,7.5932039,Denner
Kt. Basel-Stadt,Denner Discount,"Hardstrasse 111, 4052 Basel, Switzerland",47.549143199999996,7.607585899999999,Denner
Kt. Basel-Stadt,Denner Express,"Hammerstrasse 129, 4057 Basel, Switzerland",47.567136999999995,7.594885,Denner
Kt. Basel-Stadt,Denner Discount,"Mülhauserstrasse 74, 4056 Basel, Switzerland",47.5681538,7.5789791,Denner
Kt. Basel-Stadt,Denner Discount,"Spalenring 4, 4055 Basel, Switzerland",47.561561000000005,7.573658999999999,Denner
Kt. Basel-Stadt,Denner Discount,"Klybeckstrasse 45, 4057 Basel, Switzerland",47.5666648,7.5906873,Denner
Kt. Basel-Stadt,Denner Express,"Aeschenvorstadt 24, 4051 Basel, Switzerland",47.552732999999996,7.5928267,Denner
Kt. Basel-Stadt,Denner Discount,"Im Westfeld 30, 4055 Basel, Switzerland",47.5646912,7.5646753,Denner
Kt. Basel-Stadt,Denner Discount,"Hochbergerstrasse 70, 4057 Basel, Switzerland",47.580202,7.5960627999999994,Denner
Kt. Basel-Stadt,Denner Discount,"Güterstrasse 180, 4053 Basel, Switzerland",47.543544999999995,7.5921897000000005,Denner
Kt. Basel-Stadt,Denner Discount,"Riehenstrasse 20, 4058 Basel, Switzerland",47.560360499999994,7.598096,Denner
Kt. Basel-Stadt,Denner Express,"Kleinhüningerstrasse 193, 4057 Basel, Switzerland",47.580501999999996,7.591118,Denner
Kt. Basel-Stadt,Denner Satellit,"Flughafenstrasse 65, 4056 Basel, Switzerland",47.568732999999995,7.569410999999999,Denner
Kt. Basel-Stadt,Denner Express,"Münchensteinerstrasse 200, 4053 Basel, Switzerland",47.5390747,7.604215699999999,Denner
Arlesheim,Denner Discount,"Bahnhofstrasse 1, 4144 Arlesheim, Switzerland",47.491899000000004,7.610173499999999,Denner
Laufen,Denner Express,"Bahnhofstrasse 2, 4242 Laufen, Switzerland",47.4198054,7.501957900000001,Denner
Liestal,Denner Discount,"Rosenstrasse 3, 4410 Liestal, Switzerland",47.485417700000006,7.737832,Denner
Liestal,Denner Satellit,"Seestrasse 20, 4410 Liestal, Switzerland",47.4829813,7.7343416,Denner
Sissach,Denner Discount,"Gelterkinderstrasse 30, 4450 Sissach, Switzerland",47.4618634,7.8240788,Denner
Waldenburg,Denner Express,"Hauptstrasse 41, 4313 Möhlin, Switzerland",47.559895,7.8439217999999995,Denner
Oberklettgau,Denner Discount,"Poststrasse 18, 8212 Neuhausen am Rheinfall, Switzerland",47.683002,8.619211,Denner
Oberklettgau,Denner Discount,"Im Rhytech 4, 8212 Neuhausen am Rheinfall, Switzerland",47.682819699999996,8.613337099999999,Denner
Oberklettgau,Denner Discount,"Hochstrasse 295, 8200 Schaffhausen, Switzerland",47.715178699999996,8.645693399999999,Denner
Oberklettgau,Denner Discount,"Stüdliackerstrasse 4, 8207 Schaffhausen, Switzerland",47.7205632,8.6635878,Denner
Oberklettgau,Denner Discount,"Alpenstrasse 134, 8200 Schaffhausen, Switzerland",47.698721899999995,8.6551142,Denner
Oberklettgau,Denner Discount,"Bleichepl. 7, 8200 Schaffhausen, Switzerland",47.6988883,8.6322548,Denner
Oberklettgau,Denner Discount,"Hauptstrasse 21, 8246 Feuerthalen, Switzerland",47.684008999999996,8.6620289,Denner
Oberklettgau,Denner Discount,"Sandgruebstrasse 1, 8193 Eglisau, Switzerland",47.568415099999996,8.5232627,Denner
Oberklettgau,Denner Discount,"Bauelenzelgstrasse 16, 8193 Eglisau, Switzerland",47.5803363,8.513028499999999,Denner
Oberklettgau,Denner Discount,"Hohlenbaumstrasse 88, 8200 Schaffhausen, Switzerland",47.705932,8.618948,Denner
Oberklettgau,Denner Discount,"Bruggerstrasse 161, 5400 Baden, Switzerland",47.4831522,8.286169,Denner
Oberklettgau,Denner Express,"Vorstadt 46, 8200 Schaffhausen, Switzerland",47.698796699999995,8.6349349,Denner
Oberklettgau,Denner Discount,"Baslerstrasse 1, 5330 Bad Zurzach, Switzerland",47.589728799999996,8.2920091,Denner
Oberklettgau,Denner Discount,"Landstrasse 79, 5430 Wettingen, Switzerland",47.4667306,8.325018,Denner
Oberklettgau,Denner Express,"Zwischenweg 1, 8413 Neftenbach, Switzerland",47.5270669,8.6672557,Denner
Oberklettgau,Denner Discount,"Weiacherstrasse 1, 8422 Pfungen, Switzerland",47.5174697,8.6503136,Denner
Oberklettgau,Denner Discount,"Bahnhofplatz Nord 0, 5312 Döttingen, Switzerland",47.576337200000005,8.2556324,Denner
Schleitheim,Denner Discount,"Hofwiesenstrasse, 8260 Stein am Rhein, Switzerland",47.651528,8.855364,Denner
Schleitheim,Denner Satellit,"Postpl. 3, 5272 Gansingen, Switzerland",47.542735,8.133958999999999,Denner
Schleitheim,Denner Discount,"Zürcherstrasse 65 / 67, 8500 Frauenfeld, Switzerland",47.552677499999994,8.8843678,Denner
Schleitheim,Denner Discount,"Riedmattstrasse 4, 8153 Rümlang, Switzerland",47.461833999999996,8.525781,Denner
Stein,Denner Discount,"Brotkorbstrasse 1, 4332 Stein, Switzerland",47.5467352,7.9524719,Denner
Unterklettgau,Denner Discount,"Mardeläckerstrasse 1d, 5417 Untersiggenthal, Switzerland",47.4987803,8.2590284,Denner
Unterklettgau,Denner Discount,"Wiesenstrasse 4, 5303 Würenlingen, Switzerland",47.5256064,8.2453183,Denner
Kt. Appenzell i.Rh.,Denner Discount,"Feldstrasse 16, 9050 Appenzell, Switzerland",47.3338563,9.4044721,Denner
St. Gallen,Denner Discount,"Neumarkt 1 und 2, Kornhausstrasse 28 Center, 9000 St. Gallen, Switzerland",47.421700099999995,9.3717318,Denner
St. Gallen,Denner Discount,"Zürcherstrasse 41, 9013 St. Gallen, Switzerland",47.4188611,9.353648,Denner
St. Gallen,Denner Discount,"Lukasstrasse 69, 9016 St. Gallen, Switzerland",47.4372519,9.4047724,Denner
St. Gallen,Denner Discount Neudorf,"Rorschacher Str. 292, 9016 St. Gallen, Switzerland",47.4443912,9.4163192,Denner
St. Gallen,Denner Discount,"Langgasse 26, 9008 St. Gallen, Switzerland",47.435496199999996,9.3865413,Denner
St. Gallen,Denner Discount,"Rorschacher Str. 152/154, 9006 St. Gallen, Switzerland",47.430928099999996,9.395167599999999,Denner
St. Gallen,Denner Discount,"Fürstenlandstrasse 157, 9014 St. Gallen, Switzerland",47.410216299999995,9.335909299999999,Denner
Rorschach,Denner Discount,"St. Gallerstrasse 45/47, 9400 Rorschach, Switzerland",47.478036599999996,9.4823834,Denner
Rheintal,Denner Discount,"Bahnhofstrasse 7, 9443 Widnau, Switzerland",47.4076174,9.6302229,Denner
Rheintal,Denner Discount,"Hauptstrasse 103, 9430 St. Margrethen, Switzerland",47.45283,9.63239,Denner
Rheintal,Denner Discount,"Stossstrasse 2, 9450 Altstätten, Switzerland",47.3771651,9.5379241,Denner
Rheintal,Denner Discount,"Rheinstrasse 2, 9469 Haag (Rheintal), Switzerland",47.2094586,9.4893222,Denner
Rheintal,Denner Discount,"Neudorfstrasse 60, 9430 St. Margrethen, Switzerland",47.4500726,9.651201799999999,Denner
Rheintal,Denner Partner,"Buckstrasse 2, 9463 Oberriet, Switzerland",47.3127857,9.5619348,Denner
Rheintal,Denner Bibite,"Nollenhornstrasse 9, 9434 Au, Switzerland",47.4311521,9.6380345,Denner
Rheintal,Denner Express,"Litenstrasse 2, 9411 Reute, Switzerland",47.4195843,9.5756476,Denner
Rheintal,Denner Partner,"Wiesentalstrasse 11, 9404 Rorschacherberg, Switzerland",47.470862100000005,9.4834271,Denner
Werdenberg,Denner Express,"Fuchsbüelstrasse 4, 9477 Trübbach, Switzerland",47.074058199999996,9.4822437,Denner
Werdenberg,Denner Discount,"Sarganserstrasse 15, 8880 Walenstadt, Switzerland",47.1198432,9.315969899999999,Denner
Sarganserland,Denner Discount,"Grossfeldstrasse 56, 8887 Mels, Switzerland",47.042121099999996,9.4312979,Denner
See-Gaster,Denner Partner,"Rickenstrasse 8, 8733 Eschenbach, Switzerland",47.2405502,8.92291,Denner
See-Gaster,Denner Discount,"Wiesentalstrasse 4, 8730 Uznach, Switzerland",47.2281701,8.9654288,Denner
See-Gaster,Denner,"Bahnhofstrasse 3, 8716 Schmerikon, Switzerland",47.2253337,8.9441018,Denner
See-Gaster,Denner Discount,"Molkereistrasse 3, 8645 Jona SG, Switzerland",47.2313999,8.837416,Denner
See-Gaster,Denner Discount,"Zürcherstrasse 4, 8640 Rapperswil-Jona, Switzerland",47.2291956,8.820672499999999,Denner
See-Gaster,Denner Discount,"Obersee-Center, Feldstrasse 6, 8853 Lachen, Switzerland",47.191883,8.855827999999999,Denner
See-Gaster,Denner Partner,"Laupenstrasse 8, 8636 Wald, Switzerland",47.273212699999995,8.9127127,Denner
See-Gaster,Denner Discount,"Ufenaustrasse 2, 8807 Freienbach, Switzerland",47.203549599999995,8.7659582,Denner
See-Gaster,Denner Partner,"Schufelistrasse 2, 8863 Buttikon, Switzerland",47.1733902,8.9574003,Denner
See-Gaster,Denner Partner,"Oberdorf 14, 8718 Schänis, Switzerland",47.1588168,9.0448275,Denner
See-Gaster,Denner Discount,"Bandwiesstrasse 1b, 8630 Rüti, Switzerland",47.2585402,8.849602299999999,Denner
See-Gaster,Denner Discount,"Glarnerstrasse 43, 8854 Siebnen, Switzerland",47.1759041,8.9019835,Denner
See-Gaster,Denner Discount,"Dorfstrasse 44, 8630 Rüti, Switzerland",47.2599294,8.8531616,Denner
See-Gaster,Denner Express,"Dorfpl. 2, 8852 Altendorf, Switzerland",47.1920776,8.829803,Denner
See-Gaster,Denner Satellit,"Dorfpl. 15, 8737 Gommiswald, Switzerland",47.2297467,9.0231158,Denner
See-Gaster,Denner Partner,"Schulhausstrasse 3/5, 8618 Oetwil am See, Switzerland",47.2711859,8.720855499999999,Denner
See-Gaster,Denner Discount,"Rosengartenstrasse 4, 8805 Richterswil, Switzerland",47.210037,8.703776,Denner
Toggenburg,Denner Discount,"Rietwisstrasse 7, 9630 Wattwil, Switzerland",47.2974734,9.0916187,Denner
Toggenburg,Denner Partner,"Wilerstrasse 15, 9602 Bazenheid, Switzerland",47.412222199999995,9.068333299999999,Denner
Toggenburg,Denner Bibite,"Landstrasse 41, 9606 Bütschwil, Switzerland",47.3630011,9.073165399999999,Denner
Toggenburg,Denner Discount,"Wilerstrasse 202/204, 9533 Kirchberg, Switzerland",47.439084,9.0567405,Denner
Toggenburg,Denner Discount,"Weidstrasse 4, 9535 Wilen, Switzerland",47.4535674,9.039629099999999,Denner
Toggenburg,Denner Discount,"Magdenauerstrasse 10, 9230 Flawil, Switzerland",47.413041899999996,9.1854473,Denner
Toggenburg,Denner Discount,"Oswald-Heergasse 4, 9244 Niederuzwil, Switzerland",47.446018,9.141712,Denner
Toggenburg,Denner Discount,"Lindenstrasse 5, 9240 Uzwil, Switzerland",47.4368483,9.1346218,Denner
Toggenburg,Denner Discount,"Bahnhofpl. 1, 9500 Wil, Switzerland",47.4624733,9.0417521,Denner
Toggenburg,Denner Partner,"Ebnetstrasse 5, 8370 Sirnach, Switzerland",47.4688527,8.9927833,Denner
Toggenburg,Denner Partner,"Konstanzerstrasse 28, 9512 Rossrüti, Switzerland",47.474162,9.0623052,Denner
Toggenburg,Denner Discount,"J.-G. Müllerstrasse 2, 9500 Wil, Switzerland",47.465357999999995,9.044412999999999,Denner
Toggenburg,Denner Express,"Wilerstrasse 6, 8370 Sirnach, Switzerland",47.4616471,8.9986116,Denner
Toggenburg,Denner Express,"Bronschhoferstrasse 79, 9500 Wil, Switzerland",47.4718136,9.039272,Denner
Toggenburg,Denner Express,"Weinfelderstrasse 13a, 9542 Münchwilen, Switzerland",47.478654399999996,8.999281,Denner
Toggenburg,Denner Discount,"Gartenstrasse 2, 9100 Herisau, Switzerland",47.386506499999996,9.2839165,Denner
Toggenburg,Denner Partner,"Herbergstrasse 11, 9524 Zuzwil, Switzerland",47.472958299999995,9.1131052,Denner
Albula,Denner Express,"Poststrasse 52, 7050 Arosa, Switzerland",46.7824744,9.6798369,Denner
Albula,Denner Discount,"Via la Val 1, 7013 Domat/Ems, Switzerland",46.8377034,9.4652307,Denner
Albula,Denner Express,"Promenade 108, 7270 Davos Platz, Switzerland",46.8020577,9.8351074,Denner
Albula,Denner Discount,"Isla 53, 7151 Schluein, Switzerland",46.7790922,9.222214,Denner
Albula,Denner Partner,"Domleschgerstrasse 71, 7417 Domleschg, Switzerland",46.7494829,9.442106299999999,Denner
Albula,Denner Express,"Via Suro 2, 7403 Rhäzüns, Switzerland",46.799284799999995,9.397731799999999,Denner
Albula,Denner Discount,"Kasernenstrasse 67, 7000 Chur, Switzerland",46.8468713,9.521037699999999,Denner
Albula,Denner Discount,"Rheinfelsstrasse 1, 7000 Chur, Switzerland",46.8504587,9.5132808,Denner
Albula,Denner Discount,"Masanserstrasse 136, 7000 Chur, Switzerland",46.8616858,9.5348541,Denner
Albula,Denner Express,"Via Ludains 4, 7500 St. Moritz, Switzerland",46.4898941,9.8362197,Denner
Albula,Denner Discount,"Kantonsstrasse 24, 7302 Landquart, Switzerland",46.9678261,9.5629501,Denner
Albula,Denner Discount,"Gäuggelistrasse 28, 7000 Chur, Switzerland",46.85199840000001,9.527442899999999,Denner
Albula,Denner Partner,"Via Principale 174, 7748 Campascio, Switzerland",46.241777000000006,10.133040399999999,Denner
Albula,Denner Express,"Via da Manaröl 681, 7550 Scuol, Switzerland",46.796833,10.3075008,Denner
Albula,Denner Partner,"Wuhrstrasse 1, 7240 Küblis, Switzerland",46.9138192,9.7733223,Denner
Albula,Denner Partner,"Torkelgasse 4, 7205 Zizers, Switzerland",46.935751499999995,9.564969099999999,Denner
Albula,Denner Satellit,"Montalinstrass 16, 7203 Trimmis, Switzerland",46.9008276,9.5613064,Denner
Albula,Denner Express,"Kornpl. 6, 7000 Chur, Switzerland",46.84922520000001,9.5318796,Denner
Surselva,Denner Express,"Poststrasse 4, 7130 Ilanz, Switzerland",46.774868999999995,9.2073506,Denner
Engiadina B./Val Müstair,Denner Express,"Via Val Müstair 298, 7537 Müstair, Switzerland",46.634894499999994,10.4582988,Denner
Maloja,Denner Partner,"Via Cantonale 114b, 6818 Melano, Switzerland",45.920417699999994,8.9847459,Denner
Maloja,Denner Partner,"Via Campagnora 18, 6713 Malvaglia, Switzerland",46.412036799999996,8.9776251,Denner
Maloja,Denner Partner,"Röven 62, 7530 Zernez, Switzerland",46.699717299999996,10.092338400000001,Denner
Maloja,Denner Partner,"Via Mesolcina 17, 6533 Lumino, Switzerland",46.229968299999996,9.0684765,Denner
Maloja,Denner Express,"Via Nova 46, 7017 Flims, Switzerland",46.8368828,9.2868081,Denner
Maloja,Denner Satellit,"Via Cantonale, S. Bernardino 67 A, 6565 Mesocco, Switzerland",46.462722299999996,9.1912498,Denner
Maloja,Denner Express,"Al Stradón da Magia 75, 6673 Maggia, Switzerland",46.246186099999996,8.706115200000001,Denner
Maloja,Denner Partner,"A Torascia 71, 6702 Claro, Switzerland",46.252205599999996,9.019995,Denner
Maloja,Denner Partner,"Via Cantonale 176, 6537 Grono, Switzerland",46.244087199999996,9.1394751,Denner
Prättigau / Davos,Denner Discount,"Dorfstrasse 2, 7220 Schiers, Switzerland",46.969401999999995,9.6846195,Denner
Plessur,Denner Discount,"Einkaufszentrum, Giacomettistrasse 34, 7000 Chur, Switzerland",46.859663499999996,9.5166484,Denner
Bremgarten,Denner Discount,"Zugerstrasse 3, 5620 Bremgarten, Switzerland",47.3501494,8.3458782,Denner
Bremgarten,Denner Discount,"Einkaufszentrum, Zufikerstrasse 2, 5620 Bremgarten, Switzerland",47.352699,8.349618999999999,Denner
Bremgarten,Denner Satellit,"Isenlaufstrasse 2, 5620 Bremgarten, Switzerland",47.3465303,8.340263499999999,Denner
Brugg,Denner Discount,"Bahnhofplatz Einkaufszentrum, Neumarktpl., 5200 Brugg, Switzerland",47.482226,8.209574,Denner
Kulm,Denner Express,"Hauptstrasse 42, 5726 Unterkulm, Switzerland",47.3130951,8.1139181,Denner
Laufenburg,Denner Discount,"Widengasse 1, 5070 Frick, Switzerland",47.508130799999996,8.021829199999999,Denner
Lenzburg,Denner Express,"Einkaufszentrum Müli Märt, Bahnhofstrasse 5, 5600 Lenzburg, Switzerland",47.3879133,8.176901899999999,Denner
Lenzburg,Denner Discount,"Bahnhofstrasse 38, 5600 Lenzburg, Switzerland",47.3903566,8.1725456,Denner
Muri,Denner Partner,"Luzernerstrasse 10, 5630 Muri, Switzerland",47.2723693,8.3417921,Denner
Rheinfelden,Denner Express,"L'Orsa-Strasse 19, 4310 Rheinfelden, Switzerland",47.557072899999994,7.8016388999999995,Denner
Rheinfelden,Denner Partner,"Im Waldhof 3, 4310 Rheinfelden, Switzerland",47.5470057,7.7672678,Denner
Arbon,Denner Discount,"Hauptstrasse 31, 9320 Arbon, Switzerland",47.516085,9.4333204,Denner
Weinfelden,Denner Discount,"Weststrasse 27 / 29, 8570 Weinfelden, Switzerland",47.56747310000001,9.0942241,Denner
Weinfelden,Denner Discount,"Amriswilerstrasse 12, 8570 Weinfelden, Switzerland",47.5676558,9.1108362,Denner
Frauenfeld,Denner Discount,"Oberwiesenstrasse 63, 8500 Frauenfeld, Switzerland",47.5567425,8.8812994,Denner
Frauenfeld,Denner Discount,"Bahnhofpl. 72, 8500 Frauenfeld, Switzerland",47.557233599999996,8.8962071,Denner
Kreuzlingen,Denner Discount,"Hauptstrasse 63, 8280 Kreuzlingen, Switzerland",47.6480192,9.175355,Denner
Kreuzlingen,Denner Discount,"Tägerwilerstrasse 6, 8280 Kreuzlingen, Switzerland",47.6555824,9.1635159,Denner
Blenio,Denner Partner,"Via Saresc 4, 6760 Faido, Switzerland",46.476549999999996,8.79929,Denner
Blenio,Denner Satellit,"Via S. Gottardo 21, 6745 Giornico, Switzerland",46.40159980000001,8.8774001,Denner
Blenio,Denner Partner,"Via Cantonale 8, 6805 Mezzovico-Vira, Switzerland",46.0917342,8.9230222,Denner
Blenio,Denner Express,"Via Alpsu 61, 7188 Tujetsch, Switzerland",46.680445999999996,8.775238,Denner
Blenio,Denner Discount,"Viale C. Olgiati 202/B, 6512 Giubiasco, Switzerland",46.176794099999995,9.0149717,Denner
Blenio,Denner Discount,"Via Bioggio 114, 6932 Breganzona, Switzerland",46.0123452,8.934680199999999,Denner
Leventina,Denner Partner,"Via Cantonale 16, 6814 Lamone, Switzerland",46.043129199999996,8.9285655,Denner
Leventina,Denner Express,"Via Saliciolo 3, 6598 Tenero-Contra, Switzerland",46.1778295,8.853213199999999,Denner
Lugano,Denner Discount,"Via alla Chiesa 3, 6962 Viganello, Switzerland",46.011558,8.966550999999999,Denner
Mendrisio,Denner Discount,"Via Stefano Franscini 16, 6850 Mendrisio, Switzerland",45.8698586,8.9801035,Denner
Vallemaggia,Denner Discount,"Via S. Gottardo 55, 6648 Minusio, Switzerland",46.175418,8.810007,Denner
Aigle,Denner Discount,"Pl. de la Gare 5, 1860 Aigle, Switzerland",46.3160643,6.9648223,Denner
Aigle,Denner Discount,"Chem. sous le Grand Pré 4, 1860 Aigle, Switzerland",46.3173205,6.9369609,Denner
Morges,Denner Express,"Av. de Lonay 17, 1110 Morges, Switzerland",46.520068900000005,6.5081659,Denner
Morges,Denner Express,"Rue de la Gare 19, 1110 Morges, Switzerland",46.509657999999995,6.4948101,Denner
Nyon,Denner Discount,"Rte de Signy 43, 1260 Nyon, Switzerland",46.389753999999996,6.2222276999999995,Denner
Nyon,Denner Discount,"Rte de Divonne 37, 1260 Nyon, Switzerland",46.384119,6.223796999999999,Denner
Nyon,Denner Discount,"Rue de la Morâche 6, 1260 Nyon, Switzerland",46.3827212,6.2346698,Denner
Nyon,Denner Discount,"Rue Juste Olivier 0, 1260 Nyon, Switzerland",46.3835647,6.236091999999999,Denner
Broye-Vully,Denner Express,"Chem. du Pra Novi 4, 1786 Bas-Vully, Switzerland",46.961786,7.1135705,Denner
Broye-Vully,Denner Discount,"Grand Ferme 18+22, 3280 Murten, Switzerland",46.9405344,7.1450561,Denner
Broye-Vully,Denner Discount,"Rue de la Fleur-de-Lys 26, 2074 Marin-Epagnier, Switzerland",47.011435899999995,7.0079332,Denner
Broye-Vully,Denner Express,"Rue de Champréveyres 3, 2000 Neuchâtel, Switzerland",47.005381199999995,6.9620884,Denner
Broye-Vully,Denner Express,"Le Ctre 10, 1784 Courtepin, Switzerland",46.865051,7.125273,Denner
Gros-de-Vaud,Denner Discount,"Rte de Bottens 1, 1053 Cugy, Switzerland",46.5853974,6.6401775999999995,Denner
Gros-de-Vaud,Denner Discount,"Route d'Echallens 5, 1042 Assens, Switzerland",46.6276614,6.6331169,Denner
Gros-de-Vaud,Denner Discount,"Rte de Neuchâtel 10, 1032 Romanel-sur-Lausanne, Switzerland",46.57342200000001,6.6059569,Denner
Gros-de-Vaud,Denner Express,"Rte de Praz Palud 2, 1040 Echallens, Switzerland",46.6390289,6.6357865,Denner
Gros-de-Vaud,Denner Discount,"Chem. de Closalet 7, 1023 Crissier, Switzerland",46.5545398,6.5683601000000005,Denner
Gros-de-Vaud,Denner Discount,"Chem. de Maillefer 59, 1052 Le Mont-sur-Lausanne, Switzerland",46.541788,6.6282125,Denner
Gros-de-Vaud,Denner Express,"Rte de Daillens 1, 1303 Penthaz, Switzerland",46.600274299999995,6.5378298,Denner
Gros-de-Vaud,Denner Partner,"Rue de la Gare 2, 1373 Chavornay, Switzerland",46.7094537,6.5707846,Denner
Gros-de-Vaud,Denner Express,"Rue des Chavannes 1, 1304 Cossonay, Switzerland",46.613666099999996,6.5066383,Denner
Gros-de-Vaud,Denner Discount,"Av. de Cour 143, 1007 Lausanne, Switzerland",46.51809600000001,6.608561,Denner
Gros-de-Vaud,Denner Discount,"En Félezin 0, 1032 Romanel-sur-Lausanne, Switzerland",46.5592476,6.6122704,Denner
Gros-de-Vaud,Denner Discount,"Pl. Croix-Blanche 7, 1066 Epalinges, Switzerland",46.5480048,6.670872,Denner
Gros-de-Vaud,Denner Discount,"Av. des Découvertes 3, 1400 Yverdon-les-Bains, Switzerland",46.7658407,6.6423659,Denner
Gros-de-Vaud,Denner Discount,"Rte de Genève 5, 1030 Bussigny, Switzerland",46.540499000000004,6.554084,Denner
Gros-de-Vaud,Denner Discount,"ZI Le Tresi 1, 1028 Préverenges, Switzerland",46.5225563,6.529164,Denner
Gros-de-Vaud,Denner Discount,"Rue de la Borde 3, 1018 Lausanne, Switzerland",46.5274401,6.632931699999999,Denner
Gros-de-Vaud,Denner Discount,"Av. du Grey 58, 1018 Lausanne, Switzerland",46.536185700000004,6.6200645,Denner
Gros-de-Vaud,Denner Discount,"Rue des Terreaux 25, 1000 Lausanne, Switzerland",46.5227267,6.6270355,Denner
Jura-Nord vaudois,Denner Discount,"Rue de Neuchâtel 42, 1400 Yverdon-les-Bains, Switzerland",46.783157,6.634879000000001,Denner
Jura-Nord vaudois,Denner Discount,"En Chamard 14, 1442 Montagny-près-Yverdon, Switzerland",46.788124599999996,6.621563399999999,Denner
Jura-Nord vaudois,Denner Express,"Rue de Neuchâtel 3, 1400 Yverdon-les-Bains, Switzerland",46.781197,6.6353732,Denner
Jura-Nord vaudois,Denner Discount,"Rte des Granges Saint-Martin 22, 1350 Orbe, Switzerland",46.721277199999996,6.5378529,Denner
Jura-Nord vaudois,Denner Discount,"Av. des 4 Marronniers 28, 1400 Yverdon-les-Bains, Switzerland",46.776904699999996,6.6515566999999995,Denner
Jura-Nord vaudois,Denner Satellit,"Grand-Rue 43, 1337 Vallorbe, Switzerland",46.711675,6.376363,Denner
Jura-Nord vaudois,Denner Express,"Rue de la Gare 4, 1348 Le Chenit, Switzerland",46.582302,6.212219,Denner
Jura-Nord vaudois,Denner Partner,"Rue du Temple 34, 2114 Val-de-Travers, Switzerland",46.903231999999996,6.588797,Denner
Jura-Nord vaudois,Denner Partner,"Grand-Rue 40, 1347 Sentier, Switzerland",46.6080184,6.2314481,Denner
Jura-Nord vaudois,Denner Partner,"Rte du Milieu du Monde 13, 1318 Pompaples, Switzerland",46.666968,6.510688,Denner
Jura-Nord vaudois,Denner Partner,"Chem. des Chézeaux 12, 1424 Champagne, Switzerland",46.8316673,6.656726099999999,Denner
Jura-Nord vaudois,Denner Express,"Rue de l'Industrie 19, 1450 Sainte-Croix, Switzerland",46.8201505,6.50268,Denner
Jura-Nord vaudois,Denner Express,"Rue Emer-de-Vattel 15, 2108 Couvet, Switzerland",46.923932199999996,6.631377499999999,Denner
Lavaux-Oron,Denner Discount,"Chem. de la Charrettaz 6, 1094 Paudex, Switzerland",46.5065616,6.6712224,Denner
Lavaux-Oron,Denner Satellit,"Pl. du Forum 2, 1073 Savigny, Switzerland",46.539136899999995,6.7307093,Denner
Lavaux-Oron,Denner Discount,"Av. de la Vallonnette 2, 1012 Lausanne, Switzerland",46.5272566,6.651627899999999,Denner
Lausanne,Denner Discount,"Bd de Grancy 37, 1006 Lausanne, Switzerland",46.5158352,6.6264604,Denner
Lausanne,Denner Express,"Av. d'Ouchy 11, 1006 Lausanne, Switzerland",46.514954900000006,6.6327691,Denner
Lausanne,Denner Express,"Av. des Boveresses 33, 1010 Lausanne, Switzerland",46.5383502,6.6664072999999995,Denner
Lausanne,Denner Express,"Chem. de la Colline 4, 1007 Lausanne, Switzerland",46.521493899999996,6.6129663999999995,Denner
Lausanne,Denner Express,"Av. de Béthusy 93, 1012 Lausanne, Switzerland",46.5269803,6.6512118,Denner
Lausanne,Denner Discount,"Av. d`Echallens 68, 1004 Lausanne, Switzerland",46.5277448,6.6170960999999995,Denner
Lausanne,Denner Discount,"Ch. d`Entrebois 4, 1018 Lausanne, Switzerland",46.5368071,6.6327053,Denner
Lausanne,Denner Discount,"Chem. du Viaduc 1, 1008 Prilly, Switzerland",46.527487,6.601717,Denner
Lausanne,Denner Discount,"Av. de Florissant 24, 1020 Renens, Switzerland",46.5333328,6.5982783,Denner
Lausanne,Denner Partner,"Rte d'Arnier 4/6, 1092 Belmont-sur-Lausanne, Switzerland",46.5234235,6.6785749,Denner
Lausanne,Denner Discount,"Av. de Préfaully 15b, 1022 Chavannes-près-Renens, Switzerland",46.533865399999996,6.578504,Denner
Lausanne,Denner Express,"Rue du Simplon 27, 1020 Renens, Switzerland",46.534127399999996,6.5828709,Denner
Ouest lausannois,Denner Discount,"Rte de la Maladière 6, 1022 Chavannes-près-Renens, Switzerland",46.528206999999995,6.5672989,Denner
Ouest lausannois,Denner Discount,"Rte de Denges 12/14, 1027 Lonay, Switzerland",46.5253723,6.5239784,Denner
Riviera-Pays-d'Enhaut,Denner Discount,"Pl. du Marché 6b, 1820 Montreux, Switzerland",46.4313686,6.910411,Denner
Riviera-Pays-d'Enhaut,Denner Express,"Rue des Ormonts 2, 1865 Les Diablerets, Switzerland",46.348768899999996,7.158619400000001,Denner
Brig,Denner Discount,"Furkastrasse 27, 3900 Brig-Glis, Switzerland",46.318419999999996,7.985263,Denner
Brig,Denner Discount,"Einkaufszentrum Simplon Center, Kantonsstrasse 58, 3902 Brig, Switzerland",46.3087662,7.970121399999999,Denner
Conthey,Denner Discount,"Rue des Rottes 34, 1964 Conthey, Switzerland",46.2229046,7.302860300000001,Denner
Conthey,Denner Discount,"Rte Cantonale 9, 1964 Conthey, Switzerland",46.225037199999996,7.296697699999999,Denner
Conthey,Denner Bibite,"Rue des Rottes 15, 1964 Conthey, Switzerland",46.223572399999995,7.3017202,Denner
Entremont,Denner Discount,"Rte de Verbier Station 26, 1936 Verbier, Switzerland",46.096499,7.2230471000000005,Denner
Hérens,Val d’Hérens,"Val d’Hérens, 1983 Evolène, Switzerland",46.1349472,7.469677399999999,Others
Martigny,Denner Discount,"Rue du Simplon 37, Centre Martigny Vorzier 2, Rue du Simplon 37, 1920 Martigny, Switzerland",46.106853799999996,7.085874,Denner
Martigny,Denner Discount,"Av. de Fully 63, 1920 Martigny, Switzerland",46.1122702,7.0766325,Denner
Martigny,Denner Express,"Rue de la Poste 6, 1920 Martigny, Switzerland",46.1031824,7.0761338,Denner
Martigny,Denner Discount,"Pl. du Manoir 0, 1920 Martigny, Switzerland",46.1017848,7.0715525999999995,Denner
Monthey,Denner Discount,"Av. de la Gare 26, 1870 Monthey, Switzerland",46.2537121,6.9508937,Denner
Raron,Denner Partner,"Furkastrasse 36b, 3904 Naters, Switzerland",46.3239357,7.992476,Denner
Saint-Maurice,Denner Express,"Agaune Ctre, Av. du Simplon 15, 1890 Saint-Maurice, Switzerland",46.2148153,7.005203300000001,Denner
Sierre,Denner Discount,"Av. du Général Guisan 19, 3960 Sierre, Switzerland",46.291824999999996,7.530258700000001,Denner
Sierre,Denner Discount,"Rte de Sion 29, 3960 Sierre, Switzerland",46.2901734,7.525286899999999,Denner
Sion,Denner Express,"Rue des Creusets 7, 1950 Sion, Switzerland",46.230486899999995,7.360401200000001,Denner
Sion,Denner Discount,"Av. du Grand-Champsec 30, 1950 Sion, Switzerland",46.231413599999996,7.3841599,Denner
Sion,Denner Express,"Rue de Savoie 63, 1950 Sion, Switzerland",46.2252169,7.3264752,Denner
Sion,Denner Discount,"Rte du Manège 60, 1950 Sion, Switzerland",46.227449199999995,7.384136400000001,Denner
Sion,Denner Express,"Rte de Sion 19, 1971 Champlan, Switzerland",46.2453685,7.370147299999998,Denner
Visp,Denner Discount,"Napoleonstrasse 32, 3930 Visp, Switzerland",46.291534,7.887756999999999,Denner
Cant. de Neuchâtel,Denner Discount,"Rue des Sablons 43, 2000 Neuchâtel, Switzerland",46.996470699999996,6.9325788,Denner
Cant. de Neuchâtel,Denner Express,"Rue du Clos-de-Serrières 31, 2000 Neuchâtel, Switzerland",46.9816673,6.900565299999999,Denner
Cant. de Genève,Denner Discount,"Rue de Montbrillant 67, 1202 Genève, Switzerland",46.22032,6.1403267999999995,Denner
Cant. de Genève,Denner Discount,"Av. Louis-Casaï 27, 1211 Genève, Switzerland",46.2192722,6.114282299999999,Denner
Cant. de Genève,Denner Express,"Rte de Frontenex 51, 1207 Genève, Switzerland",46.2025015,6.164164899999999,Denner
Cant. de Genève,DENNER,"Rue du Lac 10, 1207 Genève, Switzerland",46.20428,6.157235,Denner
Cant. de Genève,Denner Discount,"PAL CH, Chem. Taverney 1, 1218 Le Grand-Saconnex, Switzerland",46.230621,6.118137,Denner
Cant. de Genève,Denner Discount,"Bd Carl-Vogt 12, 1205 Genève, Switzerland",46.2005962,6.1309553,Denner
Cant. de Genève,Denner Discount,"Rue de Carouge 64, 1205 Genève, Switzerland",46.1930761,6.1437203,Denner
Cant. de Genève,Denner Discount,"Promenade de l`Europe 11, 1203 Genève, Switzerland",46.2086282,6.123285999999999,Denner
Cant. de Genève,Denner Discount,"Rue des Marronniers 5, 1207 Genève, Switzerland",46.2011129,6.1586848,Denner
Cant. de Genève,Denner Discount,"Rue Caroline 5, 1227 Les Acacias, Switzerland",46.1921879,6.138861599999999,Denner
Cant. de Genève,Denner Discount,"Rue Lamartine 12, 1203 Genève, Switzerland",46.2099761,6.1289568,Denner
Cant. de Genève,Denner Discount,"Route de Chancy 71 Lancy, 1213 Petit-Lancy, Switzerland",46.1864837,6.1101918,Denner
Les Franches-Montagnes,Denner Partner,"Rue de la Gare 22, 2720 Tramelan, Switzerland",47.2231737,7.1059654,Denner
Les Franches-Montagnes,Denner Discount,"Pl. de la Gare 4, 2300 La Chaux-de-Fonds, Switzerland",47.099021799999996,6.8259206,Denner
Les Franches-Montagnes,Denner Discount,"de-Fds 1, Av. Charles-Naine 44, 2300 La Chaux-de-Fonds, Switzerland",47.0898604,6.8030485,Denner
Les Franches-Montagnes,Denner Discount,"Fbg Saint-Germain 2, 2900 Porrentruy, Switzerland",47.41648,7.07715,Denner
Les Franches-Montagnes,Denner Discount,"Rue A. Merguin 16, 2900 Porrentruy, Switzerland",47.415226,7.071537999999999,Denner
Les Franches-Montagnes,Denner Discount,"Rue Daniel-Jeanrichard 23, 2300 La Chaux-de-Fonds, Switzerland",47.100088299999996,6.827446999999999,Denner
Les Franches-Montagnes,Denner Satellit,"Rue de la Croix-Fédérale 48, 2300 La Chaux-de-Fonds, Switzerland",47.1046915,6.8435162,Denner
Les Franches-Montagnes,Supermarché Migros - Saignelégier,"Rue de la Gruère 23, 2350 Saignelégier, Switzerland",47.25443,7.000641,Migros
Affoltern,Volg Zwillikon,"Ottenbacherstrasse 81, 8909 Affoltern am Albis, Switzerland",47.2874153,8.4315421,Volg
Andelfingen,Volg Kleinandelfingen,"Schaffhauserstrasse 24, 8451 Kleinandelfingen, Switzerland",47.599413999999996,8.6833107,Volg
Bülach,Volg Bülach Marktgasse,"Marktgasse 24, 8180 Bülach, Switzerland",47.5176589,8.5408715,Volg
Bülach,Volg Bülach Storchenwiese,"Kasernenstrasse 77, 8180 Bülach, Switzerland",47.5150515,8.530443,Volg
Bülach,Volg Bülach,"Berglistrasse 24, 8180 Bülach, Switzerland",47.5229976,8.5468169,Volg
Bülach,Volg Bachenbülach,"Bachstrasse 5, 8184 Bachenbülach, Switzerland",47.5035665,8.547795299999999,Volg
Bülach,Volg Höri,"Wehntalerstrasse 46, 8181 Höri, Switzerland",47.508482199999996,8.5100838,Volg
Dielsdorf,Volg,"Wehntalerstrasse 47, 8157 Dielsdorf, Switzerland",47.481346099999996,8.4538622,Volg
Hinwil,Volg,"Walderstrasse 123, 8340 Hinwil, Switzerland",47.288204199999996,8.8565168,Volg
Meilen,Prima (ehm. Volg),"Pfannenstielstrasse 109, 8706 Meilen, Switzerland",47.2710612,8.6534057,Volg
Uster,Volg Uster,"Nossikerstrasse 7, 8610 Uster, Switzerland",47.3405418,8.7273293,Volg
Uster,Volg,"Krämerackerstrasse 22, 8610 Uster, Switzerland",47.3497339,8.7085199,Volg
Uster,Volg Uster,"Seestrasse 115, 8610 Uster, Switzerland",47.3442574,8.7018728,Volg
Winterthur,Volg,"Deltastrasse 2, 8404 Winterthur, Switzerland",47.5112204,8.7649344,Volg
Winterthur,Volg Wiesendangen,"Dorfstrasse 50, 8542 Wiesendangen, Switzerland",47.5210685,8.790189699999999,Volg
Dietikon,Volg Bergdietikon,"Bergstrasse 37, 8962 Bergdietikon, Switzerland",47.390789,8.3896179,Volg
Dietikon,Volg Laden Dintikon,"Dorfstrasse 4, 5606 Dintikon, Switzerland",47.3645522,8.2287333,Volg
Dietikon,Volg Hombrechtikon,"Rütistrasse 9, 8634 Hombrechtikon, Switzerland",47.251728,8.768141,Volg
Bern-Mittelland,Volg,"Aegertzaunstrasse 1, 3812 Wilderswil, Switzerland",46.665336599999996,7.868628,Volg
Bern-Mittelland,Volg,"Hauptstrasse 19, 3272 Walperswil, Switzerland",47.0598946,7.2275243,Volg
Oberaargau,Volg Teufenthal mit Post,"Dorfstrasse 23, 5723 Teufenthal, Switzerland",47.3285096,8.1205268,Volg
Emmental,Volg Weier im Emmental,"Huttwilstrasse 10, 3462 Affoltern im Emmental, Switzerland",47.0629765,7.749552399999999,Volg
Emmental,Volg Hindelbank,"Dorfstrasse 9, 3324 Hindelbank, Switzerland",47.0433211,7.540098700000001,Volg
Emmental,Volg Mühleberg,"Murtenstrasse 30, 3203 Mühleberg, Switzerland",46.952333599999996,7.258361099999999,Volg
Jura bernois,Volg,"Rue Préfet Comte 1, 2852 Courtételle, Switzerland",47.342433899999996,7.317657499999999,Volg
Jura bernois,Volg Detailhandels AG,"Rte Principale 40, 2824 Vicques, Switzerland",47.3491005,7.417554799999999,Volg
Jura bernois,Magasin Volg,"Rte de Sion 9, 1981 Vex, Switzerland",46.2125776,7.397846999999999,Volg
Jura bernois,Volg Moosleerau mit Post,"Ruesserain 121, 5054 Moosleerau, Switzerland",47.2702488,8.065234,Volg
Frutigen-Niedersimmental,Volg,"Alpenstrasse 7, 3628 Uttigen, Switzerland",46.79391830000001,7.575968,Volg
Interlaken-Oberhasli,Volg,"Interlaken CH, b, Interlakenstrasse 4, 3806 Bönigen, Switzerland",46.6863861,7.892927200000001,Volg
Interlaken-Oberhasli,Volg Oberhasli,"Watterstrasse 2, 8156 Oberhasli, Switzerland",47.465947299999996,8.498655099999999,Volg
Thun,Volg,"u. Trüelmatt 3, 3624 Thun, Switzerland",46.7634544,7.663981899999999,Volg
Entlebuch,Volg,"Rothorn-Center 1, 6174 Sörenberg, Switzerland",46.8226776,8.033469199999999,Volg
Entlebuch,VOLG Lungern,"Brünigstrasse 103, 6078 Lungern, Switzerland",46.7842682,8.1593213,Volg
Luzern-Land,Volg Son Mitgel Savognin,"Stradung 9, 7460 Savognin, Switzerland",46.5977982,9.5967601,Volg
Kt. Uri,Volg,"Hinterhostattstrasse 4, 6376 Emmetten, Switzerland",46.956069899999996,8.5146761,Volg
Küssnacht (SZ),Volg Immensee mit Postagentur,"Dorfpl. 4, 6405 Immensee, Switzerland",47.096441999999996,8.463006,Volg
Schwyz,Volg Sattel,"Dorfstrasse 22, 6417 Sattel, Switzerland",47.0812245,8.6343212,Volg
Schwyz,Volg Illgau,"Schulhaus 2, 6434 Illgau, Switzerland",46.9881141,8.724406499999999,Volg
Schwyz,Volg Schönenberg,"Hüttnerstrasse 6, 8824 Schönenberg, Switzerland",47.1921843,8.644580999999999,Volg
Kt. Zug,Volg,"Oberallmendstrasse 24, 6300 Zug, Switzerland",47.182545999999995,8.5241327,Volg
Gösgen,Volg,"Dorfkern 2, 4653 Obergösgen, Switzerland",47.3644757,7.9498676999999995,Volg
Liestal,Volg,"Oristalstrasse 42, 4410 Liestal, Switzerland",47.4812965,7.7307792,Volg
Oberklettgau,Volg Wagenhausen,"Im Schloss 2, 8259 Wagenhausen, Switzerland",47.659051,8.8516386,Volg
Stein,VOLG Stein AR,"Schachen 45, 9063 Stein, Switzerland",47.371646899999995,9.3436451,Volg
Kt. Appenzell i.Rh.,VOLG Appenzell,"Weissbadstrasse 86, 9050 Appenzell, Switzerland",47.32178270000001,9.426969,Volg
Wil,Volg Wil ZH,"Dorfstrasse 6A, 8196 Wil, Switzerland",47.6055444,8.5074805,Volg
Wil,Volg,"Mitteldorfstrasse 225, 5276 Wil, Switzerland",47.5602932,8.1536527,Volg
Wil,Volg,"WilerStrasse 1, 9242 Oberuzwil, Switzerland",47.429931599999996,9.122992499999999,Volg
Albula,Volg mit Postagentur Alvaneu Dorf,"Voia Principala 64, 7592 Dorf, Switzerland",46.6786246,9.6472988,Volg
Surselva,Volg Consum,"Via Principala 36, 7165 Breil-Brigels, Switzerland",46.7678424,9.0625378,Volg
Viamala,Volg,"Splügenpassstrasse 1A, 7435 Splügen, Switzerland",46.5523186,9.3235006,Volg
Engiadina B./Val Müstair,Volg Detailhandels AG,"Stradun 197, 7550 Scuol, Switzerland",46.7982303,10.3020294,Volg
Engiadina B./Val Müstair,Volg Guarda,"Plazza Gronda 82, 7545 Guarda, Switzerland",46.7754628,10.151691399999999,Volg
Landquart,Volg,"Untergasse 2, 7206 Igis, Switzerland",46.946086099999995,9.5741563,Volg
Zofingen,Volg Zofingen,"Luzernerstrasse 58, 4800 Zofingen, Switzerland",47.2780765,7.951690500000001,Volg
Weinfelden,Volg,"Amriswilerstrasse 31, 8570 Weinfelden, Switzerland",47.566825900000005,9.1170778,Volg
Frauenfeld,Volg,"Thundorferstrasse 118, 8500 Frauenfeld, Switzerland",47.547367099999995,8.9095707,Volg
Blenio,VOLG Vella,"Palius 33A, 7144 Vella, Switzerland",46.717373699999996,9.1721275,Volg
Blenio,Volg Bivio mit Postagentur / Volg Bivio con agenzia postale,"Julierstrasse 48, 7457 Bivio, Switzerland",46.4683595,9.6501568,Volg
Blenio,Volg Lantsch/Lenz,"Voia Principala 59, 7083 Lantsch/Lenz, Switzerland",46.68521870000001,9.5630645,Volg
Aigle,Volg,"Chem. du Midi 2, 1913 Saillon, Switzerland",46.1713952,7.1871798,Volg
Broye-Vully,Volg,"Rte Principale 48, 1786 Sugiez, Switzerland",46.957943,7.1085939,Volg
Broye-Vully,Volg,"Rte des Grèves 18, 1544 Gletterens, Switzerland",46.9040794,6.9303756,Volg
Jura-Nord vaudois,Volg supermarket Grandson,"Rue Haute 12, 1422 Grandson, Switzerland",46.8090706,6.6447907,Volg
Brig,VOLG Ried-Brig,"Simplonstrasse 57, 3911 Ried-Brig, Switzerland",46.316780099999995,8.0168362,Volg
Goms,"VOLG Ulrichen, post office","Nufenenstrasse 11, 3988 Ulrichen, Switzerland",46.5058556,8.3093824,Volg
Goms,VOLG Reckingen-Gluringen,"Furkastrasse 452, 3998 Reckingen, Switzerland",46.4691887,8.2418938,Volg
Goms,VOLG Bellwald,"Bellwalderstrasse 473, 3997 Bellwald, Switzerland",46.4234217,8.1595393,Volg
Martigny,Volg,"Rue du center Village 14, 1993 Veysonnaz, Switzerland",46.196021699999996,7.3368641000000006,Volg
Sierre,Volg,"Route de la Fusion 10, 3961 Vissoie, Switzerland",46.2166326,7.585674999999999,Volg
Affoltern,SPAR,"Regensbergstrasse 300, 8050 Zürich, Switzerland",47.4115648,8.5279289,SPAR
Andelfingen,SPAR Supermarkt Schaffhausen,"Freier Pl. 2, 8200 Schaffhausen, Switzerland",47.6956748,8.6403229,SPAR
Andelfingen,SPAR Supermarkt Otelfingen,"Landstrasse 8, 8112 Otelfingen, Switzerland",47.459115999999995,8.385539,SPAR
Andelfingen,SPAR,"Stettemerstrasse 40, 8207 Schaffhausen, Switzerland",47.7223304,8.655230699999999,SPAR
Andelfingen,SPAR,"Gründenstrasse 5, 8247 Flurlingen, Switzerland",47.684428800000006,8.627481300000001,SPAR
Andelfingen,SPAR Supermarkt SH Stahlgiesserei,"Zur Stahlgiesserei 14a, 8200 Schaffhausen, Switzerland",47.7049947,8.6308854,SPAR
Andelfingen,SPAR,"Breitestrasse 117, 8400 Winterthur, Switzerland",47.4905506,8.7209214,SPAR
Andelfingen,SPAR Supermarkt,"Regensdorferstrasse 22, 8108 Dällikon, Switzerland",47.439264699999995,8.4413089,SPAR
Andelfingen,SPAR,"Forchstrasse 4, 8133 Esslingen ZH, Switzerland",47.287565,8.710875999999999,SPAR
Andelfingen,SPAR Supermarkt Kreuzlingen,"Weinstrasse 23/25, 8280 Kreuzlingen, Switzerland",47.6446295,9.1861407,SPAR
Andelfingen,SPAR,"Pumpwerkstrasse 56, 8105 Regensdorf, Switzerland",47.4453521,8.464095499999999,SPAR
Andelfingen,SPAR express,"Zürcherstrasse 369, 8500 Frauenfeld, Switzerland",47.5696101,8.9179547,SPAR
Andelfingen,SPAR Supermarkt Weiningen (Emacup GmbH),"Regensdorferstrasse 2, 8104 Weiningen, Switzerland",47.419928,8.434778,SPAR
Andelfingen,SPAR,"Mandachstrasse 54, 8155 Niederhasli, Switzerland",47.480011,8.4899673,SPAR
Andelfingen,SPAR Supermarkt Andwil,"Arneggerstrasse 11, 9204 Andwil, Switzerland",47.439564,9.26745,SPAR
Andelfingen,SPAR Supermarkt Ormalingen,"Konsumstrasse 87, 4466 Ormalingen, Switzerland",47.469622,7.8775302,SPAR
Bülach,SPAR Supermarkt Bülach,"Bahnhofstrasse 3, 8180 Bülach, Switzerland",47.5194999,8.5397531,SPAR
Dielsdorf,SPAR Supermarkt Schöfflisdorf,"Dorfwisenstrasse 12, 8165 Schöfflisdorf, Switzerland",47.4993305,8.414233,SPAR
Dielsdorf,SPAR,"Bachstrasse 11, 8902 Urdorf, Switzerland",47.381913,8.423735599999999,SPAR
Dielsdorf,SPAR Supermarkt Spreitenbach,"Bahnhofstrasse 82, 8957 Spreitenbach, Switzerland",47.425487999999994,8.3620469,SPAR
Dielsdorf,SPAR Supermarkt Wettingen,"Bahnhofstrasse 92, 5430 Wettingen, Switzerland",47.464424,8.328797999999999,SPAR
Dielsdorf,SPAR Supermarkt Kloten,"Breitistrasse 24, 8302 Kloten, Switzerland",47.447728500000004,8.5842285,SPAR
Dielsdorf,SPAR,"Freilagerstrasse 51, 8047 Zürich, Switzerland",47.3800421,8.4896783,SPAR
Dielsdorf,SPAR Supermarkt Baden-Dättwil mit TS Tamoil,"Mellingerstrasse 208, 5405 Baden, Switzerland",47.4515982,8.289917599999999,SPAR
Dielsdorf,SPAR Supermarkt Kloten Bramen,"Schaffhauserstrasse 60, 8302 Kloten, Switzerland",47.4441178,8.5788917,SPAR
Dielsdorf,SPAR,"Dolderstrasse 5, 8032 Zürich, Switzerland",47.3703237,8.556849999999999,SPAR
Dielsdorf,SPAR Supermarkt Turgi,"Bahnhofstrasse 17, 5300 Turgi, Switzerland",47.4944634,8.252662899999999,SPAR
Dielsdorf,SPAR,"Badenerstrasse 104, 8952 Schlieren, Switzerland",47.3976295,8.430797199999999,SPAR
Dielsdorf,SPAR Supermarkt Dübendorf,"u. Geerenstrasse 1, 8600 Dübendorf, Switzerland",47.3896387,8.6172946,SPAR
Hinwil,SPAR Supermarkt Hinwil,"Dürntnerstrasse 19, 8340 Hinwil, Switzerland",47.301150799999995,8.8428229,SPAR
Horgen,SPAR express Horgen Seestrasse,"Seestrasse 117, 8810 Horgen, Switzerland",47.2617705,8.594855599999999,SPAR
Pfäffikon,SPAR Supermarkt Freienbach,"Leutschenstrasse 3/5, 8807 Freienbach, Switzerland",47.2064205,8.7543001,SPAR
Uster,SPAR Supermarkt Schwerzenbach,"Bahnhofstrasse 1, 8603 Schwerzenbach, Switzerland",47.381935,8.652604,SPAR
Uster,SPAR Supermarkt Rüti,"Ferrachstrasse 58, 8630 Rüti, Switzerland",47.255857,8.856389,SPAR
Winterthur,Spar Express Winterthur,"Wartstrasse 2, 8400 Winterthur, Switzerland",47.5007284,8.722910299999999,SPAR
Winterthur,SPAR express Winterthur Tösstalstrasse,"Tösstalstrasse 306, 8405 Winterthur, Switzerland",47.479048,8.764775,SPAR
Winterthur,SPAR express Winterthur,"Grüze CH, St. Gallerstrasse 106, 8404 Winterthur, Switzerland",47.498111599999994,8.7464079,SPAR
Winterthur,SPAR express Winterthur,"Frauenfelderstrasse 44, 8404 Winterthur, Switzerland",47.5062989,8.756902499999999,SPAR
Dietikon,SPAR express,"Bahnhofpl. 8, 8953 Dietikon, Switzerland",47.406434,8.404505,SPAR
Zürich,EUROSPAR Supermarkt Bernina,"Schaffhauserstrasse 239, 8057 Zürich, Switzerland",47.4032176,8.5469741,SPAR
Zürich,SPAR,"Spinnereipl. 2, 8041 Zürich, Switzerland",47.3383408,8.520264899999999,SPAR
Zürich,SPAR express,"Hardturmstrasse 126, 8005 Zürich, Switzerland",47.393554,8.5131344,SPAR
Zürich,SPAR express Zürich Toblerplatz,"Toblerpl. 5, 8044 Zürich, Switzerland",47.37911,8.5597862,SPAR
Zürich,Spar Express Neunbrunnenstrasse,"Neunbrunnenstrasse 40, 8050 Zürich, Switzerland",47.4173318,8.5405674,SPAR
Zürich,SPAR express,"Hottingerstrasse 2, 8032 Zürich, Switzerland",47.3703542,8.5494065,SPAR
Zürich,Spar Express Mythenquai,"Mythenquai 349b, 8038 Zürich, Switzerland",47.3459131,8.534711,SPAR
Zürich,Spar Express Sihlquai,"Ausstellungsstrasse 10, 8005 Zürich, Switzerland",47.3812873,8.537764899999999,SPAR
Bern-Mittelland,SPAR Supermarkt Liebefeld,"Könizstrasse 155, 3097 Liebefeld, Switzerland",46.9360583,7.4165798999999994,SPAR
Bern-Mittelland,SPAR express Bern-Papiermühlestrasse,"Papiermühlestrasse 11, 3013 Bern, Switzerland",46.9547484,7.460063099999999,SPAR
Bern-Mittelland,SPAR express Niederwangen,"Freiburgstrasse 528, 3172 Köniz, Switzerland",46.9274208,7.379720999999999,SPAR
Bern-Mittelland,SPAR express Bern Giacomettistr.,"Giacomettistrasse 15, 3006 Bern, Switzerland",46.945143599999994,7.473101099999999,SPAR
Bern-Mittelland,Spar Supermarket,"Gurnigelstrasse 38, 3627 Heimberg, Switzerland",46.7811802,7.6038703,SPAR
Bern-Mittelland,SPAR Supermarkt,"Kriegstettenstrasse 14, 4563 Gerlafingen, Switzerland",47.1705435,7.5749607999999995,SPAR
Bern-Mittelland,SPAR express Ostermundigen,"Milchstrasse 2/8, 3072 Ostermundigen, Switzerland",46.9634099,7.481180799999999,SPAR
Bern-Mittelland,SPAR express Kehrsatz,"Im, Unterer Breitenacker 1, 3122 Kehrsatz, Switzerland",46.9166519,7.466639999999999,SPAR
Bern-Mittelland,SPAR Supermarkt Kerzers,"Murtenstrasse 13, 3210 Kerzers, Switzerland",46.974165299999996,7.1941618,SPAR
Bern-Mittelland,SPAR Supermarkt Schüpfen,"Lyssstrasse 5, 3054 Schüpfen, Switzerland",47.043039,7.380612999999999,SPAR
Bern-Mittelland,SPAR Supermarkt Thun,"Aarestrasse 30a, 3600 Thun, Switzerland",46.7570505,7.627893099999999,SPAR
Oberaargau,Spar Express,"Aarwangenstrasse 82, 4900 Langenthal, Switzerland",47.2239478,7.779399799999999,SPAR
Oberaargau,SPAR express,"Mittelstrasse 3, 4900 Langenthal, Switzerland",47.2096644,7.787522200000001,SPAR
Oberaargau,SPAR Supermarkt Rothrist,"Galliweg, 4852 Rothrist, Switzerland",47.3027594,7.877554699999999,SPAR
Oberaargau,SPAR Supermarkt Stengelbach,"Altmattweg 1, 4802 Strengelbach, Switzerland",47.280462199999995,7.9301631,SPAR
Oberaargau,SPAR Supermarkt Biberist,"Blümlisalpstrasse 1, 4562 Biberist, Switzerland",47.1871015,7.556110899999998,SPAR
Oberaargau,EUROSPAR Supermarkt Staufen,"Aarauerstrasse 21, 5603 Staufen, Switzerland",47.3869,8.169671,SPAR
Oberaargau,SPAR,"Muhenstrasse 9, 5036 Oberentfelden, Switzerland",47.354508499999994,8.0472298,SPAR
Oberaargau,SPAR,"Holzikerstrasse 8, 5040 Schöftland, Switzerland",47.3119139,8.0499716,SPAR
Oberaargau,SPAR Supermarkt Altbüron,"Linden 10, 6147 Altbüron, Switzerland",47.184122,7.883445999999999,SPAR
Oberaargau,SPAR,"Dorfstrasse 23, 6133 Hergiswil bei Willisau, Switzerland",47.0851134,7.956789499999998,SPAR
Oberaargau,SPAR,"Dorfstrasse 31/A, 6005 Luzern, Switzerland",47.0379769,8.3156349,SPAR
Oberaargau,SPAR Supermarkt Luzern-Neustadt,"Bleicherstrasse 12, 6003 Luzern, Switzerland",47.042451400000004,8.306144,SPAR
Biel/Bienne,SPAR Supermarkt Büren a. A.,"Spittelgasse 4, 3294 Büren an der Aare, Switzerland",47.139239,7.372375,SPAR
Emmental,SPAR Supermarkt Buttisholz,"Guglern 16, 6018 Buttisholz, Switzerland",47.107867999999996,8.0842287,SPAR
Emmental,SPAR Supermarkt Emmen,"Seetalstrasse 98, 6032 Emmen, Switzerland",47.0767581,8.300827700000001,SPAR
Emmental,SPAR,"Sonnhalde 4, 6122 Menznau, Switzerland",47.0840843,8.040959599999999,SPAR
Emmental,SPAR Supermarkt Basel Birsstrasse,"Birsstrasse 200, 4052 Basel, Switzerland",47.547540999999995,7.6220802999999995,SPAR
Emmental,SPAR,"Neue Str. 2, 4703 Kestenholz, Switzerland",47.281866,7.752663,SPAR
Emmental,SPAR Supermarkt Nottwil,"Kantonsstrasse 11, 6207 Nottwil, Switzerland",47.1359855,8.134820099999999,SPAR
Jura bernois,SPAR express Pieterlen,"Raststätte Pieterlen Nationalstrasse A5, 2542 Pieterlen, Switzerland",47.169051499999995,7.351727299999999,SPAR
Jura bernois,SPAR,"Les Joncs, 1580 Avenches, Switzerland",46.8996048,7.049617,SPAR
Jura bernois,Spar Mini,"Dorfstrasse 41, 3257 Grossaffoltern, Switzerland",47.066645699999995,7.3611305,SPAR
Jura bernois,SPAR,"Hauptstrasse 41, 4434 Hölstein, Switzerland",47.4258208,7.7702442000000005,SPAR
Interlaken-Oberhasli,SPAR Supermarkt Sarnen,"Lindenhof 7, 6060 Sarnen, Switzerland",46.897307,8.247574,SPAR
Interlaken-Oberhasli,SPAR Supermarkt Stans,"Robert-Durrerstrasse 22, 6370 Stans, Switzerland",46.9604062,8.3649572,SPAR
Interlaken-Oberhasli,SPAR Supermarkt Buochs,"Beckenriederstrasse 5, 6374 Buochs, Switzerland",46.973952999999995,8.4214793,SPAR
Interlaken-Oberhasli,SPAR Supermarkt Altendorf,"Churerstrasse 5, 8852 Altendorf, Switzerland",47.192688999999994,8.830826,SPAR
Interlaken-Oberhasli,SPAR Supermarkt Altdorf,"Schmiedgasse 10, 6460 Altdorf, Switzerland",46.8809318,8.645529699999999,SPAR
Obersimmental-Saanen,SPAR Supermarkt Savognin,"Stradung 54, 7460 Savognin, Switzerland",46.5949242,9.6012775,SPAR
Obersimmental-Saanen,SPAR Lenzerheide,"Voa Nova 27, 7078 Lenzerheide, Switzerland",46.725251799999995,9.5576428,SPAR
Obersimmental-Saanen,SPAR mini Rapperswil,"Oberseestrasse 58, 8640 Rapperswil-Jona, Switzerland",47.222823999999996,8.8286546,SPAR
Obersimmental-Saanen,SPAR Supermarkt Schötz,"Ohmstalerstrasse 8, 6247 Schötz, Switzerland",47.170274899999995,7.987814199999999,SPAR
Entlebuch,SPAR,"Unterdorfstrasse 7, 6033 Buchrain, Switzerland",47.0958116,8.3497261,SPAR
Hochdorf,SPAR,"Luzernstrasse 33, 6280 Hochdorf, Switzerland",47.164895099999995,8.300357,SPAR
Sursee,SPAR Supermarkt Oberkirch,"Luzernstrasse 35, 6208 Oberkirch, Switzerland",47.1569377,8.115651,SPAR
Kt. Uri,SPAR Supermarkt Seewen,"Hausmatt 1, 6423 Seewen, Switzerland",47.0278402,8.632084800000001,SPAR
Kt. Uri,SPAR Supermarkt Disentis,"Via Gonda 12, 7180 Disentis/Mustér, Switzerland",46.701896999999995,8.8516157,SPAR
Kt. Uri,SPAR,"Buonaserstrasse 17, 6343 Risch-Rotkreuz, Switzerland",47.1411954,8.430786699999999,SPAR
Kt. Uri,SPAR,"Bahnhofstrasse 3, 6415 Arth, Switzerland",47.0645227,8.5235764,SPAR
Kt. Uri,SPAR Supermarkt Wangen,"Bahnhofstrasse 12, 8855 Wangen, Switzerland",47.1897083,8.896441099999999,SPAR
Kt. Uri,SPAR Supermarkt Schindellegi,"Dorfstrasse 3, 8834 Schindellegi, Switzerland",47.1743899,8.7113456,SPAR
Kt. Uri,SPAR Supermarkt,"Pilgerweg 45, 8803 Rüschlikon, Switzerland",47.3062584,8.5562832,SPAR
Kt. Uri,SPAR Supermarkt Unterterzen,"Quartnerstrasse 4, 8882 Quarten, Switzerland",47.112684599999994,9.2499378,SPAR
Kt. Uri,SPAR Supermarkt Schmerikon,"Seegarten, 8716 Schmerikon, Switzerland",47.225905399999995,8.9490065,SPAR
Kt. Uri,SPAR Supermarkt Murg,"Alte Staatsstrasse 22, 8877 Murg, Switzerland",47.112733999999996,9.214148,SPAR
Gersau,SPAR Zug,"Bahnhofstrasse 10, 6300 Zug, Switzerland",47.1685704,8.5159699,SPAR
Gersau,SPAR Supermarkt,"Kasernenstrasse 2, 9100 Herisau, Switzerland",47.3856686,9.280847,SPAR
Küssnacht (SZ),DHL Service Point (SPAR Supermarkt Weggis),"Röhrlistrasse 2, 6353 Weggis, Switzerland",47.035309399999996,8.4231701,SPAR
Kt. Glarus,SPAR Supermarkt Glarus,"Iseliguet 2, 8750 Glarus, Switzerland",47.0503972,9.0591442,SPAR
Bucheggberg,Spar- und Leihkasse Bucheggberg AG,"Hauptstrasse 4, 4584 Lüterswil-Gächliwil, Switzerland",47.12018,7.431585199999999,SPAR
Gösgen,SPAR express Schönenwerd,"Oltnerstrasse 62, 5012 Schönenwerd, Switzerland",47.368857899999995,8.0004329,SPAR
Gösgen,SPAR,"Mühlestrasse 6, 5702 Niederlenz, Switzerland",47.402730299999995,8.175645,SPAR
Olten,SPAR express Olten,"Baslerstrasse 77, 4600 Olten, Switzerland",47.3549584,7.9016786,SPAR
Kt. Basel-Stadt,SPAR Supermarkt Basel Hegenheimerstrasse,"Hegenheimerstrasse 93, 4055 Basel, Switzerland",47.561162599999996,7.5692737999999995,SPAR
Arlesheim,SPAR Supermarkt Pratteln,"Längistrasse 14, 4133 Pratteln, Switzerland",47.5337367,7.7103624,SPAR
Liestal,SPAR express,"4133 Pratteln, Switzerland",47.52692330000001,7.7013048,SPAR
Sissach,SPAR express AVIA Sissach,"Hauptstrasse 138, 4450 Sissach, Switzerland",47.465859699999996,7.8026673,SPAR
Sissach,SPAR Supermarkt Dättwil,"Husmatt 2, 5405 Dättwil, Switzerland",47.4544054,8.2817121,SPAR
Oberklettgau,SPAR express Schaffhausen-Hochstr.,"Hochstrasse 122, 8200 Schaffhausen, Switzerland",47.7072909,8.6376955,SPAR
Oberklettgau,SPAR Supermarkt Bonstetten,"Dorfstrasse 15, 8906 Bonstetten, Switzerland",47.3148749,8.469689599999999,SPAR
Oberklettgau,SPAR Supermarkt Eschlikon,"Winterthurerstrasse 4, 8360 Eschlikon, Switzerland",47.462377499999995,8.9550302,SPAR
Schleitheim,SPAR Supermarkt Ermatingen,"Hauptstrasse 129, 8272 Ermatingen, Switzerland",47.6689783,9.084604299999999,SPAR
Unterklettgau,SPAR Supermarkt,"Mellingerstrasse 208, 5405 Dättwil, Switzerland",47.451758,8.2898281,SPAR
Kt. Appenzell i.Rh.,SPAR Supermarkt Appenzell,"Unteres Ziel 1, 9050 Appenzell, Switzerland",47.3348051,9.4085988,SPAR
St. Gallen,SPAR express St. Gallen,"Langgasse 41, 9008 St. Gallen, Switzerland",47.436941999999995,9.3878062,SPAR
St. Gallen,SPAR Supermarkt Wolfganghof,"Wolfganghof 2, 9014 St. Gallen, Switzerland",47.4028387,9.3367126,SPAR
St. Gallen,SPAR Handels AG,"Schlachthofstrasse 12, 9015 St. Gallen, Switzerland",47.4075747,9.287091499999999,SPAR
St. Gallen,SPAR express | Tamoil Tankstelle,"Fürstenlandstrasse 175, 9014 St. Gallen, Switzerland",47.409647,9.333310299999999,SPAR
St. Gallen,SPAR Supermarkt Abtwil,"Auwiesenstrasse 24, 9030 Abtwil SG, Switzerland",47.422555900000006,9.3179118,SPAR
St. Gallen,SPAR Supermarkt Engelburg,"Breitschachenstrasse 8, 9032 Engelburg&nbsp, Switzerland",47.442034299999996,9.3488355,SPAR
St. Gallen,AVIA Spar Express St. Gallen Oberstrasse,"Oberstrasse 137, 9000 St. Gallen, Switzerland",47.4142874,9.3580513,SPAR
Rorschach,SPAR Supermarkt Goldach,"Ulrich-Röschstrasse 3/4, 9403 Goldach, Switzerland",47.474428499999995,9.4659853,SPAR
Rheintal,SPAR Supermarkt Altstätten,"Bahnhofstrasse 48a, 9450 Altstätten, Switzerland",47.3753999,9.553075,SPAR
Rheintal,SPAR Supermarkt Grub,"Dorf 340, 9035 Grub, Switzerland",47.4477816,9.510029099999999,SPAR
Rheintal,AVIA SPAR express Balgach,"Hauptstrasse 65, 9436 Balgach, Switzerland",47.4048125,9.6018107,SPAR
Werdenberg,SPAR express Werdenberg,"St. GallerStrasse 67, 9470 Werdenberg, Switzerland",47.173979599999996,9.465392699999999,SPAR
Sarganserland,SPAR Supermarkt Bad Ragaz,"Grossfeldstrasse 20, 7310 Bad Ragaz, Switzerland",47.0063244,9.4996973,SPAR
Sarganserland,SPAR Supermarkt Vilters,"Sarganserstrasse 7, 7324 Vilters-Wangs, Switzerland",47.024843399999995,9.451435,SPAR
Sarganserland,SPAR Supermarkt Heiligkreuz,"Staatsstrasse 94, 8888 Heiligkreuz, Switzerland",47.058937,9.4112642,SPAR
Sarganserland,SPAR Supermarkt Maienfeld,"Städtli 3, 7304 Maienfeld, Switzerland",47.0073942,9.5312364,SPAR
Sarganserland,SPAR Supermarkt Weesen,"Hauptstrasse 6, 8872 Weesen, Switzerland",47.1334958,9.0949204,SPAR
Sarganserland,SPAR Supermarkt Wildhaus,"Dorf 3, 9658 Wildhaus, Switzerland",47.203574200000006,9.3503583,SPAR
Sarganserland,SPAR Supermarkt Alt St. Johann,"Dorfstrasse 4, 9656 Alt St. Johann, Switzerland",47.193515999999995,9.284037,SPAR
Sarganserland,SPAR Supermarkt Mollis,"Bahnhofstrasse 4, 8753 Mollis, Switzerland",47.0947786,9.0745439,SPAR
Sarganserland,SPAR Supermarkt Seewis,"Von Salis-Strasse 33, 7212 Seewis im Prättigau, Switzerland",46.990121099999996,9.63792,SPAR
Sarganserland,SPAR Supermarkt Gais,"Schwantlern 3, 9056 Gais, Switzerland",47.362897,9.454782999999999,SPAR
Sarganserland,Puracenter AG SPAR Supermarkt,"Glennerstrasse 10, 7130 Ilanz, Switzerland",46.773995,9.206388,SPAR
Toggenburg,SPAR Supermarkt Ebnat-Kappel,"Ebnaterstrasse 42, 9642 Ebnat-Kappel, Switzerland",47.260272,9.125665,SPAR
Toggenburg,SPAR Supermarkt Schwarzenbach,"Jonschwiler Str. 12, 9536 Schwarzenbach, Switzerland",47.441057900000004,9.075809399999999,SPAR
Toggenburg,Spar,"Konstanzerstrasse 11, 9512 Rossrüti, Switzerland",47.473224200000004,9.0599045,SPAR
Toggenburg,SPAR mini Bütschwil,"Kirchgasse 5, 9606 Bütschwil, Switzerland",47.3591361,9.0721722,SPAR
Wil,SPAR express,"Konstanzerstrasse 84, 9500 Wil, Switzerland",47.471253,9.0585075,SPAR
Albula,SPAR Supermarkt Valbella,"Voa Principala 9, 7077 Valbella, Switzerland",46.74628500000001,9.555299,SPAR
Albula,SPAR Dorfladen Lain,"Voa Nova 10, 7082 Vaz/Obervaz, Switzerland",46.697253599999996,9.5283191,SPAR
Albula,Spar Parpan Lebensmittel,"Voa Principala 9, 7077 Valbella, Switzerland",46.7462848,9.5552992,SPAR
Albula,SPAR Supermarkt Davos Platz,"Talstrasse 8, 7270 Davos, Switzerland",46.7934808,9.8234088,SPAR
Albula,SPAR mini Cazis,"Bahnhofstrasse 1, 7408 Cazis, Switzerland",46.7210685,9.4302538,SPAR
Albula,Spar Supermarket,"Doggilochstrasse 96, 7250 Klosters-Serneus, Switzerland",46.8617527,9.8924411,SPAR
Prättigau / Davos,SPAR Davos-Dorf,"Bahnhofstrasse 1, 7260 Davos, Switzerland",46.8091944,9.8405612,SPAR
Plessur,SPAR express,"Rossbodenstrasse 18, 7000 Chur, Switzerland",46.8520538,9.5055369,SPAR
Bremgarten,SPAR express Bremgarten,"Wohlerstrasse 55, 5620 Bremgarten, Switzerland",47.355111799999996,8.3252465,SPAR
Kulm,SPAR Supermarkt Baden-Rütihof,"Fislisbacherstrasse 4, 5406 Baden, Switzerland",47.438542,8.271346,SPAR
Arbon,SPAR,"Romanshornerstrasse 62, 9320 Arbon, Switzerland",47.519454599999996,9.4236387,SPAR
Weinfelden,SPAR Supermarkt Bürglen,"Bahnhofstrasse 1, 8575 Bürglen, Switzerland",47.549372,9.1528174,SPAR
Weinfelden,SPAR Supermarkt Amriswil mit TS Tamoil,"Weinfelderstrasse 74, 8580 Amriswil, Switzerland",47.54479200000001,9.2853479,SPAR
Münchwilen,SPAR Supermarkt Oberbüren,"Neudorf 2, 9245 Oberbüren, Switzerland",47.4513968,9.1603307,SPAR
Kreuzlingen,SPAR express,"Bergstrasse 7, 8280 Kreuzlingen, Switzerland",47.6436123,9.1709972,SPAR
Bellinzona,SPAR express,"Via G.B. Pioda 14, 6900 Lugano, Switzerland",46.007819399999995,8.954511799999999,SPAR
Nyon,Spar Express,"1274 Signy-Avenex, Switzerland",46.3993409,6.2049578,SPAR
Gros-de-Vaud,SPAR express Lavaux,"Restoroute de Lavaux A9, 1091 Aran, Switzerland",46.5048751,6.7098021,SPAR
Riviera-Pays-d'Enhaut,EUROSPAR Schänis,"Biltnerstrasse 30, 8718 Schänis, Switzerland",47.15569860000001,9.0379808,SPAR
Riviera-Pays-d'Enhaut,SPAR express Bilten,"Linth-Escher-Strasse 19a, 8865 Bilten, Switzerland",47.1515019,9.028666699999999,SPAR